原微博id,评论id,评论时间,正文,回复数量,点赞数量,作者点赞,用户id,用户名,用户性别,用户微博数,用户关注数,用户粉丝数,用户认证标签,用户描述,会员等级
4478448325975707,4478449663719670,Tue Mar 03 17:51:07 +0800 2020,大家可以关注抖音yikaoahuo6666 整理了师哥师姐的艺考分享,0,1,False,5101328721,中戏北电的帅哥们,m,10605,974,1262011,,自荐、投稿、演员推介请私信。艺考咨询请加微信: seeyoumojie QQ:3534224582,7
4478448325975707,4478463962552129,Tue Mar 03 18:47:57 +0800 2020,徐璐+袁雨萱？？？,1,11,False,7200020629,XueyingLeeeeeee,f,0,86,14,,🍑,1
4478448325975707,4478451849244454,Tue Mar 03 17:59:49 +0800 2020,这长相一看就知道是会红的长相,0,5,False,1810440244,Deniera,m,962,977,909469,微博VLOG博主 视频自媒体,想去快乐星球,7
4478448325975707,4478542601461382,Wed Mar 04 00:00:25 +0800 2020,我爱了师姐 我觉得报考上海戏剧学院,0,0,False,6100433153,依博_,m,62,161,2734,,20届传媒艺考生 喜欢女孩！！,3
4478448325975707,4478451149170397,Tue Mar 03 17:57:01 +0800 2020,我一女的都觉得漂亮,0,2,False,6239820274,哪里跑出来的小秃头,f,154,121,694,,干啥啥不行，追星第一名,2
4478448325975707,4478485256796311,Tue Mar 03 20:12:34 +0800 2020,好漂亮好漂亮好漂亮,0,1,False,6443475260,斯坦尼斯拉夫lyh,f,94,248,414,,祝平安,5
4478448325975707,4478451232854497,Tue Mar 03 17:57:22 +0800 2020,好像 最近追的韩剧 你好再见妈妈 里面的女二 发现也贼像 长得也像,0,0,False,6576179357,宇宙无敌爱吃酸的33,f,423,79,113,魏毓浩超话小主持人,岁岁平安,0
4478448325975707,4478450826445287,Tue Mar 03 17:55:45 +0800 2020,不，明明是长的好看，这个姐好好看,0,0,False,3177767280,水禾油桃子,f,100,544,163,,快来看我瞎几把过日子。,2
4478448325975707,4478527154113423,Tue Mar 03 22:59:02 +0800 2020,姐姐我🉑 !,0,0,False,5557103008,奶香味滴欣,f,58,83,222,,20届播音艺考生,1
4478448325975707,4478525790745162,Tue Mar 03 22:53:38 +0800 2020,,0,0,False,2724927295,liuhong8967,f,1094,865,243,,,0
4478448325975707,4478483164254879,Tue Mar 03 20:04:15 +0800 2020,同同好漂亮超A!我爱潘玥同我爱潘玥同我爱潘玥同,0,0,False,5949890714,腿超长的长腿大哥哥,m,39,76,28,,大长腿大长腿大长腿,2
4478448325975707,4478455997719171,Tue Mar 03 18:16:18 +0800 2020,这个好看,0,0,False,5265095557,小饭团吀,f,527,454,781,,Best of you  🌘 Right now.,0
4478448325975707,4478451689800077,Tue Mar 03 17:59:10 +0800 2020,姐姐好好看,0,0,False,6998949655,胖仙邱,f,18,40,25,,20届播音生,0
4478448325975707,4478451207339824,Tue Mar 03 17:57:16 +0800 2020,这个发型 真好看,0,0,False,3627705211,ik李李,f,112,222,1800,,,5
4478448325975707,4478467137191272,Tue Mar 03 19:00:34 +0800 2020,我滴潘潘😜,0,0,False,1313229140,周子竣einstein,m,109,60,9999,久尚国际传媒有限公司签约模特演员,黑龙江省传媒影视类升学率第一院校,5
4478448325975707,4478527418528223,Tue Mar 03 23:00:06 +0800 2020,明明共同点是长的好看,0,0,False,5272370806,李同学爱果茶,f,5,83,13,,播音主持学习中。,0
4478448325975707,4478474750389203,Tue Mar 03 19:30:49 +0800 2020,@能别秃了吗qwq @傲娇的黄卡丘 好舒服的颜！,3,0,False,3932569969,抹了个茶cha,f,597,412,141,,一起飞往宇宙吧,0
4478444513365543,4478444933081830,Tue Mar 03 17:32:19 +0800 2020,哇啊啊啊爱你！,1,0,False,6544993614,良一兀,m,180,143,1342,,鲁迅美术学院,2
4478435462374365,4478444336876126,Tue Mar 03 17:29:58 +0800 2020,所以我祝带胡歌出场的双担多担爬墙狗，你墙头年年有今日，岁岁有今朝,1,6,False,5305143756,空江明月,f,1102,134,62,,爱憎分明,5
4478435462374365,4478437861698052,Tue Mar 03 17:04:14 +0800 2020,人家好好做艺人非要扒拉人家，自己做流量蹭就蹭了还非惹事生非，也别说艺人无辜，做团队公关的你们营销然后再返利给队友。真服了，只看新闻联播不好吗,0,4,False,5283954784,愿你所爱之人是你所想而非所像,m,88,678,27,,,1
4478430718763857,4478433771993052,Tue Mar 03 16:47:59 +0800 2020,太棒了吧,1,0,False,5348861176,麻油Nakiyu,f,5872,552,130,,bgblgl通吃，微博只用于转发,0
4478430718763857,4478455121364724,Tue Mar 03 18:12:48 +0800 2020,推荐看她→并关注@爱画画的鱼小姐,1,0,False,1743046375,北京梵艺画室,m,438,475,526,,13552990479[同步微信],0
4478430537838217,4478508757387705,Tue Mar 03 21:45:57 +0800 2020,你也学学人家秀恩爱,1,1,False,3163636230,Aronque壳壳,m,384,556,5433,,中传19相声～伟大的军事家思想家NBA中锋后腰诗人饶舌歌手DJ古惑仔wwe重量级冠军巴西柔术黑带米其林星级大厨,3
4478430537838217,4478451727687837,Tue Mar 03 17:59:20 +0800 2020,二滋二滋！,1,1,False,2266288121,我不是小张谁是,f,191,585,11908,,中戏19 小透明罢了☻b站:我不是小张谁是,5
4478430537838217,4478516173375419,Tue Mar 03 22:15:24 +0800 2020,来了来了再看一遍！！,1,0,False,2253125814,泡芙巧克力蛋糕啦,f,338,642,321,,,1
4478430537838217,4478431003388130,Tue Mar 03 16:36:59 +0800 2020,回复@吃点肉吧：111111,0,0,False,2531613262,喜二滋,f,635,353,4688,,Follow my heart || b站同名 || 唠嗑在粉丝可见 || 武汉加油,6
4478430537838217,4478430953439096,Tue Mar 03 16:36:47 +0800 2020,我不知道为啥微博把我这个视频删除了？,0,0,False,2531613262,喜二滋,f,635,353,4688,,Follow my heart || b站同名 || 唠嗑在粉丝可见 || 武汉加油,6
4478430537838217,4478439744751840,Tue Mar 03 17:11:43 +0800 2020,以为有新视频我哭,0,1,False,6761314847,没馅儿的汤圆儿,f,22,37,24,,勇敢追梦的少女,1
4478430537838217,4478477442882976,Tue Mar 03 19:41:30 +0800 2020,二滋二滋我爱你！！,0,1,False,6315443171,一只慢慢的曼,f,236,472,74,,普通人没啥好说的,0
4478430537838217,4478530555585634,Tue Mar 03 23:12:34 +0800 2020,来了来了,0,0,False,5880521575,二十二杯甜奶,f,21,231,98,,我爱多妹！！！,1
4478430537838217,4478704430741877,Wed Mar 04 10:43:29 +0800 2020,谢谢二滋,0,0,False,5734874317,Lllbbxx,f,1235,585,97,,…,0
4478430537838217,4478703121929595,Wed Mar 04 10:38:17 +0800 2020,二滋考广体了吗？想听你省内的考试经验,0,0,False,5734874317,Lllbbxx,f,1235,585,97,,…,0
4478430537838217,4478535852411577,Tue Mar 03 23:33:37 +0800 2020,越到深夜越想狗粮,0,0,False,6501068784,耶啵hia,f,17,13,9,,身高168/体重51kg的小胖子~学习至上，医学真香🙂,1
4478430537838217,4478482417768415,Tue Mar 03 20:01:17 +0800 2020,来咯,0,0,False,2297102814,yyx_ww,f,61,144,122,,编辑简介,0
4478430537838217,4478462893423040,Tue Mar 03 18:43:42 +0800 2020,我要看新的！想看新的！,0,0,False,5671439880,zz沙拉酱,f,71,340,100,,爱你 就像 爱生命,0
4478430537838217,4478450667018417,Tue Mar 03 17:55:06 +0800 2020,来了来了再看一遍,0,0,False,6522371789,小玺的小肥鹤,f,433,119,76,,nothing nothing to lose.,0
4478430537838217,4478447285489825,Tue Mar 03 17:41:41 +0800 2020,姐姐唱歌很好听，不想我，学一年多终于有首不跑调的歌了,0,0,False,6063309340,随遇安然w,f,1014,298,129,,十几岁那年故事简单，遇见的你我刚好喜欢,1
4478430537838217,4478438246991459,Tue Mar 03 17:05:46 +0800 2020,来了来了~,0,0,False,5918982414,月亮不打烊qx,f,295,343,70,,,1
4478430537838217,4478433918340805,Tue Mar 03 16:48:34 +0800 2020,啊啊啊我激动的以为有新视频了,0,0,False,5682109236,冯雨晴ya,f,110,233,201, 社会艺术水平考级证书中国舞十三级,向快乐出发,1
4478430537838217,4478433696018701,Tue Mar 03 16:47:41 +0800 2020,可以看新的了吗[並不簡單],0,0,False,6206156836,彭于晏老婆刘昊然女友,f,290,430,61,,,1
4478430537838217,4478431200487904,Tue Mar 03 16:37:46 +0800 2020,来啦！,0,0,False,2610103421,我叫什么名字好捏,f,49,481,337,,✍🏻,0
4478430537838217,4478712878060581,Wed Mar 04 11:17:03 +0800 2020,想听听考广东学校的经历经验可以吗！,0,0,False,5138940238,你是你是谁_,f,0,205,238,,,0
4478428260086673,4478428646733500,Tue Mar 03 16:27:37 +0800 2020,加油呀,0,0,False,5890473889,江枫-jz,f,47,203,37,,2021届浙传预备学生(•̀⌄•́),1
4478428260086673,4478433393938053,Tue Mar 03 16:46:29 +0800 2020,加油！！,0,0,False,6303615903,咕嘟咕咕嘟嘟,f,36,49,31,,ᴾᵉᵗᵉʳ ᵖᵃʳᵏ🕸,0
4478428260086673,4478432903436058,Tue Mar 03 16:44:31 +0800 2020,加油！,0,0,False,3911703839,能不能不熬夜阿,f,378,351,348,,世界是彩色的,1
4478425957823345,4478445834508435,Tue Mar 03 17:35:55 +0800 2020,3.5在四川教育考试院办理查分登记手续就可以了,1,2,False,5214006779,kotkaouo,f,1,498,51,,,1
4478425957823345,4478560955858202,Wed Mar 04 01:13:22 +0800 2020,但我听说没啥用 就只是看有没有加错,0,0,False,5486753154,我睡觉的时候不困xxx,f,2,16,15,,博一博,0
4478424993097174,4478425177475676,Tue Mar 03 16:13:49 +0800 2020,师哥辛苦了,1,2,False,5057730395,朱锡研,m,62,198,4253,,中国传媒大学19音乐剧ㅣ工作私信,2
4478424993097174,4478441140934155,Tue Mar 03 17:17:16 +0800 2020,为什么戴帽子,1,2,False,3898647328,徐睿思si思,f,84,365,4350,,中传19播本|今天你博学了吗？｜📷私,6
4478424993097174,4478440688782960,Tue Mar 03 17:15:28 +0800 2020,分享的好重要👍,1,1,False,3790826427,J_her,f,1428,988,1306,,喜欢做梦可爱的的梦,6
4478424993097174,4478440020903519,Tue Mar 03 17:12:48 +0800 2020,辛苦帅哥 爱帅哥呢,2,4,False,5839952840,任浩宇UP,m,318,433,1700,,2020播表艺考生,2
4478424993097174,4478427299931670,Tue Mar 03 16:22:15 +0800 2020,下期一定是上海戏剧学院@奋斗中的武尊,2,3,False,5226089551,Galacala,f,46,173,47,,,1
4478424993097174,4478437357740057,Tue Mar 03 17:02:13 +0800 2020,师哥辛苦啦！ 但我想问 那资料卡上一般都需要填些什么啊 就是很基础的 爱好 喜欢的书籍 电影那些吗,1,4,False,3807889790,芒果然啊-,f,23,126,1701,,取决于你想成为什么样的人,3
4478424993097174,4478484606808659,Tue Mar 03 20:09:59 +0800 2020,师哥，我就想冲中戏,4,1,False,7090260488,任cCc任,m,7,40,111,,一枚播音艺考的的阳光男孩☀️☀️☀️,0
4478424993097174,4478428834950426,Tue Mar 03 16:28:22 +0800 2020,辛苦了哇！！爱尊哥！,1,2,False,6339441118,爱吃辣条的糖糖,f,1673,1008,320,姜冠南JK超话主持人,乖乖巧巧可可爱爱的追星罢了,3
4478424993097174,4478427954931593,Tue Mar 03 16:24:52 +0800 2020,师哥绘声绘色声音把我上小学的侄子吸引来了 说好帅,1,2,False,5092372789,_稀饭呀稀饭,f,183,771,1656,易烊千玺超话粉丝大咖,🗼  一个正在往美食博主的路上前进的追✨👩,2
4478424993097174,4478427216627912,Tue Mar 03 16:21:56 +0800 2020,高产啊昂你不用上网课的咩,1,2,False,5285821189,别点进我小冉的主页,f,244,60,5128,,Wubba lubba dub dub ​​​,2
4478424993097174,4478444471521364,Tue Mar 03 17:30:30 +0800 2020,想知道师哥那个时候初试穿的是艺考服还是便装,1,1,False,6300658084,薛薛薛薛子x,f,41,596,171,,The harder the luckier,5
4478424993097174,4478427467380700,Tue Mar 03 16:22:55 +0800 2020,师哥辛苦啦！,1,1,False,6124168017,小凡梦丶,m,53,217,826,社会艺术水平考级 朗诵十一级,学生,1
4478424993097174,4478435415735875,Tue Mar 03 16:54:31 +0800 2020,哇!干货满满 !辛苦啦!,1,2,False,5817198604,是寒山,f,79,79,137,,大致我性格如此，终日一副懒散模样。,0
4478424993097174,4478449664022024,Tue Mar 03 17:51:07 +0800 2020,万无一失！！（小声提醒）,1,0,False,6097951647,长谷川七海·,f,123,210,223,,,1
4478424993097174,4478426435990830,Tue Mar 03 16:18:49 +0800 2020,都是干货好好存着 广大学播音专业的盆友们可以康康哦,1,0,False,3766672143,雅萍儿Angel,f,357,958,1584,,念念不忘 必有回响 15厦二外/高二,1
4478424993097174,4478429582236265,Tue Mar 03 16:31:20 +0800 2020,太帅了太帅了,1,2,False,5177123755,顾柠-tiger,f,57,252,548,,柚子帮成员顾柠,1
4478424993097174,4478708989048707,Wed Mar 04 11:01:36 +0800 2020,艺考神器 虹膜美瞳 🉑️➕vx ：wuzun1210,0,1,False,3292691441,奋斗中的武尊,m,121,301,33297,,中戏19级    不卑不亢 无所畏惧 野蛮生长🌱,4
4478424993097174,4478538705087705,Tue Mar 03 23:44:57 +0800 2020,我来啦，太想去中戏了,0,1,False,5657901845,一米七八的大妞,f,66,237,1647,神仙考生超话主持人,20届播音艺考生,6
4478424993097174,4478437362633130,Tue Mar 03 17:02:15 +0800 2020,点赞点赞，太棒啦,0,1,False,6811209228,m马喜婷,f,107,179,80,,王俊凯的小螃蟹,4
4478424993097174,4478486103987970,Tue Mar 03 20:15:56 +0800 2020,爱了爱了，师哥,0,1,False,6407656954,暖泽v,m,62,269,86,,上戏是人间理想💪🏻艺术源于生活，生活源于感悟。,1
4478421965230376,4478422950283181,Tue Mar 03 16:04:59 +0800 2020,大尖来问好！,0,0,False,5546555471,大尖_hao,m,389,12851,1015760,知名情感博主,爱你的人自然珍惜你的珍贵♥️,6
4478421721557759,4478712915049747,Wed Mar 04 11:17:11 +0800 2020,图片评论,0,0,False,1929564543,传奇之路朱传奇,m,19307,639,1346486,北京传奇之路商贸有限责任公司CEO  爱微藏签约名家 知名人文艺术博主 微博签约自媒体,传奇之路，梦想与爱同在！,7
4478421721557759,4478447361035285,Tue Mar 03 17:41:59 +0800 2020,完整视频：搜索“传奇之路订阅号”——“线上课程”即可,0,0,False,1929564543,传奇之路朱传奇,m,19307,639,1346486,北京传奇之路商贸有限责任公司CEO  爱微藏签约名家 知名人文艺术博主 微博签约自媒体,传奇之路，梦想与爱同在！,7
4478421721557759,4478423647382235,Tue Mar 03 16:07:44 +0800 2020,没吃看到他，我就感觉像是王宝强,0,0,False,5489900736,塞翁失马A焉知非福,m,1336,388,171,,顶置可以搜索优惠券买东西便宜😊,1
4478413551057647,4478422824917802,Tue Mar 03 16:04:28 +0800 2020,命中注定怀院相遇，哈哈哈,1,0,False,5727169492,甜甜的甜圆呐,f,84,284,1110,,爱生活(⑉°з°)-♡,0
4478413551057647,4478413609992889,Tue Mar 03 15:27:52 +0800 2020,可能👴已经被感染隔离了,0,0,False,2041205353,酷酷的茵茵a,f,300,344,392,,我是闰土 在线找碴,1
4478412762925121,4478418026024320,Tue Mar 03 15:45:25 +0800 2020,这个小哥好干净啊哈哈哈,3,6,False,5967706414,要一起种火龙果嘛,m,655,102,21,,愿你是能披荆斩棘的女英雄，也是被人疼爱的小朋友。,0
4478412762925121,4478469109389407,Tue Mar 03 19:08:24 +0800 2020,好好奇他有多强 校内辣么多人都认识,1,2,False,5530729284,九十囧sugar,f,228,1262,164,,不务正业//成天摸鱼 不上色//c4d低端玩家,2
4478412762925121,4478467041518555,Tue Mar 03 19:00:11 +0800 2020,鲁美人来报道惹,1,2,False,7102698109,龙西_,m,376,383,34,,不伤害自己，不伤害他人，不被他人伤害。,0
4478412762925121,4478423265598311,Tue Mar 03 16:06:14 +0800 2020,看得我太想去鲁美了！！！马路上那缕烟跟仙境似的,1,9,False,6588184198,初如梦速,f,89,160,32,,,0
4478412762925121,4478424867411184,Tue Mar 03 16:12:36 +0800 2020,我看到了高纯健哈哈哈 可惜春天马上就到了但我们不能开学。不然今天就坐在教室上课了,2,6,False,6298346403,Arabbitin99,f,1,61,0,,,0
4478412762925121,4478415409407814,Tue Mar 03 15:35:01 +0800 2020,啊啊啊爱了,15,10,False,6544993614,良一兀,m,180,143,1342,,鲁迅美术学院,2
4478412762925121,4478426109109374,Tue Mar 03 16:17:32 +0800 2020,爱了爱了！鲁美的中英合作等等我！考不上就去意大利！,0,5,False,6588578988,丸子bu,f,82,283,52,,一个爱吃章鱼小丸子的朋友,0
4478412762925121,4478458769824041,Tue Mar 03 18:27:19 +0800 2020,哇鲁美帅哥太赞啦,0,3,False,5600456349,老番茄家的猫,f,379,803,248,,我想长很多头发,2
4478412762925121,4478520875346083,Tue Mar 03 22:34:06 +0800 2020,校考会推迟到年后吗,1,1,False,5510203529,啊不行那里好脏,f,534,265,57,,,0
4478412762925121,4478502138576411,Tue Mar 03 21:19:39 +0800 2020,可以勾搭小哥哥嘛,1,1,False,6832515188,岑子歌,f,7,246,3,,,0
4478412762925121,4478454466903719,Tue Mar 03 18:10:12 +0800 2020,可以以后出一期天美吗，啊啊啊啊爱惨天美了,1,2,False,7089742988,Seiller,f,277,877,31,,llllyyyuuu,0
4478412762925121,4478471910437739,Tue Mar 03 19:19:31 +0800 2020,速写接力决赛,0,2,False,5726679958,可以喝的雪茶,f,533,513,51,,本宝宝就是VIP何必要去充VIP,0
4478412762925121,4478431993897982,Tue Mar 03 16:40:54 +0800 2020,小赵同学相当nice,0,3,False,6097997606,青青是猪猪,f,90,45,101,,不会画画的美术生,1
4478412762925121,4478427291789596,Tue Mar 03 16:22:14 +0800 2020,棒,0,3,False,5372524884,本尼尼小天使,f,46,228,63,,(ヾ(´･ω･｀),0
4478412762925121,4478425513400174,Tue Mar 03 16:15:09 +0800 2020,这大概就是老师口中的无忧无虑的大学生活吧，向往这种快乐。,0,4,False,6588966429,与风共饮鱼,m,94,110,35,,,0
4478412762925121,4478702391604348,Wed Mar 04 10:35:22 +0800 2020,小哥哥人也超暖微博赶紧关注一波,0,1,False,5025078173,fourday手绘,f,140,451,115,,素描 水彩 马克笔手绘  彩铅手绘分享,1
4478412762925121,4478706557205376,Wed Mar 04 10:51:55 +0800 2020,好后悔没有报鲁美啊,0,0,False,6104276336,喵喵憨憨汪,m,16,95,73,,一个爱运动健身的美术生😁😁,1
4478406626337807,4478406932198623,Tue Mar 03 15:01:20 +0800 2020,大尖来问好！,0,0,False,5546555471,大尖_hao,m,389,12851,1015760,知名情感博主,爱你的人自然珍惜你的珍贵♥️,6
4478402860234905,4478417686560119,Tue Mar 03 15:44:04 +0800 2020,想念啊啊啊啊,1,2,False,6126676542,DRB巴,f,1,46,62,,！,1
4478402860234905,4478416143380314,Tue Mar 03 15:37:55 +0800 2020,饱眼福了,1,1,False,5774941874,Zurial-,m,16,443,14108,吐鲁番市优秀双语主持人,一个有趣的灵魂,3
4478402860234905,4478417115952422,Tue Mar 03 15:41:48 +0800 2020,想你了热导！,1,1,False,6135204755,Tian_虞,f,34,275,32,,hi，叫我鬼鬼好啦,0
4478402860234905,4478413551063867,Tue Mar 03 15:27:38 +0800 2020,太美好了！！！！！,1,1,False,6199242967,Babe_nrya,f,1570,798,1687,,(づ￣3￣)づ,1
4478402860234905,4478418814831422,Tue Mar 03 15:48:32 +0800 2020,太想大家了～哈哈哈疫情结束出去好好吃一顿～聚一聚～,1,1,False,5657125521,黎玖儿i,f,0,388,125,,,0
4478402860234905,4478418286647758,Tue Mar 03 15:46:27 +0800 2020,@DRB巴 @Babe_nrya @Xayd_a @Tian_虞 @BaNu1026 @黎玖儿i @奶桃酱74839,0,3,False,5014809835,热提-Azirtiali,m,50,420,969,,20届播表艺考生♡,1
4478402860234905,4478421423361038,Tue Mar 03 15:58:55 +0800 2020,好棒啊！！！下次配个字幕可能会更好！！！,1,0,False,5788617123,妮格格格格格格-,f,778,1893,3614,,好像只有到达山顶鲜花拥抱才会来缠绕🌊,2
4478402860234905,4478503501756720,Tue Mar 03 21:25:03 +0800 2020,艺考辛苦啦～,1,0,False,6354331430,KaDiRYa-56,f,480,178,238,,高考后见～,5
4478402860234905,4478594292556681,Wed Mar 04 03:25:49 +0800 2020,艺考加油嗷,1,0,False,6321055431,SYLVIA830,f,342,217,282,,A life with love is a life that’s been lived.,3
4478402860234905,4478432924492554,Tue Mar 03 16:44:37 +0800 2020,拍得好好,1,0,False,5063114807,黄黄黄黄軍杰,m,110,129,211,,思念是一种病,1
4478402754672514,4478415564006888,Tue Mar 03 15:35:38 +0800 2020,💛肤白长腿孙珍妮💛甜度爆表孙珍妮💛上戏新生孙珍妮💛灵气演员孙珍妮💛声线独特孙珍妮💛有趣灵魂孙珍妮💛万事如意孙珍妮💛 实力歌姬孙珍妮💛甜系偶像孙珍妮💛人间蜂蜜孙珍妮💛,0,1,False,6989340855,星星跌入梦-,f,89,254,1908,,艺术品收藏家,1
4478402754672514,4478438339340435,Tue Mar 03 17:06:08 +0800 2020,来自SNH48的漂亮妹妹孙珍妮✨四分之一混血美颜👸🏻上戏表演系在读💛外表冷酷妹妹内心皮小孩😝空灵歌姬实力在线🎙️舞台《美杜莎的温柔》《女主角》🧚🏻♀️ EP《那年夏天的梦》c位🌸 可盐可甜入股不亏 欢迎pick🥰,0,1,False,5756700185,居仔本居,f,725,518,602,奇迹居居超话主持人,原名anniewyx│忙 淡微博🎡️,1
4478402754672514,4478402842901539,Tue Mar 03 14:45:05 +0800 2020,上海嗲精孙珍妮💛东北架王孙珍妮💛天生戏精孙珍妮💛欧皇本皇孙珍妮💛出水芙蓉孙珍妮💛舞蹈奇才孙珍妮💛隐藏画伯孙珍妮💛,0,1,False,6219567919,桃妹bob耶,f,5435,145,20,,一个专门打投的小号♡,1
4478402754672514,4478445063056234,Tue Mar 03 17:32:51 +0800 2020,[加油][加油],0,0,False,5801710284,STARFOLD_0505,f,6652,369,28,,for Jenny Bob.,0
4478402713224467,4478420480437203,Tue Mar 03 15:55:10 +0800 2020,加油，慢慢走下去，不求你大红大紫，只求你稳扎稳打,2,0,False,7303530395,胖胖吖憨憨吖,f,31,56,5,,咿呀呦,1
4478402713224467,4478410078476528,Tue Mar 03 15:13:50 +0800 2020,这条路不好走。以后也要多加油,3,0,False,6613767895,FunkyAGal,m,2,60,92,,,1
4478402713224467,4478411667419920,Tue Mar 03 15:20:08 +0800 2020,我太煽情了我受不了我自己了,0,0,False,5900836132,适铭,f,1465,490,101,,真的得承认我是中二病晚期。,1
4478402713224467,4478419641440415,Tue Mar 03 15:51:50 +0800 2020,希望会越来越好,0,0,False,6630490407,侒尐默,f,1675,252,405,张哲瀚超话粉丝大咖,做一位默默的海哲^_^,4
4478402713224467,4478457717154216,Tue Mar 03 18:23:08 +0800 2020,加油加油,0,0,False,6871096625,萧翔飞02995,m,2127,284,297,,Pristine128 小妹,0
4478402713224467,4478422593795371,Tue Mar 03 16:03:34 +0800 2020,你好！可以去看看我的最新微博吗？是我给瀚哥写的作品，希望多多支持，点赞评论，很喜欢的朋友可以转发,0,0,False,6496084822,爱的temperature,f,19,36,107,,古人云：书中自有every thing,0
4478402713224467,4478420270758299,Tue Mar 03 15:54:20 +0800 2020,越来越好,0,0,False,5306612660,玲s5306612660,m,1437,76,48,,,0
4478398506235694,4478398505695546,Tue Mar 03 14:27:51 +0800 2020,你好，艺考是互动社区，在超话内点击右下角发帖才能在社区中展示，还会有更多小伙伴和你沟通互动～戳此进入  网页链接,0,0,False,5878659096,超话社区,m,5555,1620,112171959,超话社区官方微博,,6
4478396358644834,4478396521923943,Tue Mar 03 14:19:58 +0800 2020,报名方式：可直接私信详细沟通,0,0,False,6397682731,芒果搬运站_,f,187,545,2259,,芒果培优艺人统筹  工作联系VX:15307487670（同电话号码）芒果红人计划练习生招募中,2
4478395876585452,4478414716906694,Tue Mar 03 15:32:16 +0800 2020,dbq 我觉得pp画的好圆,0,0,False,5729193116,春日复暄,f,10,184,30,,問安.,3
4478395876585452,4478506996025818,Tue Mar 03 21:38:57 +0800 2020,实用呢，多发点手部可以吗,0,0,False,7212656563,喵呜小婊贝,f,0,35,0,,,0
4478389563597928,4478392155732296,Tue Mar 03 14:02:37 +0800 2020,非常来的及，说实话钢琴三年如果认真学10级是可以的,6,1,False,5863140956,徐舒田的姐姐,f,94,181,42,,,0
4478389563597928,4478389803346666,Tue Mar 03 13:53:16 +0800 2020,啊噗,5,0,False,3894480776,王几啊_61,f,143,457,112,,peace&amp;love,4
4478389563597928,4478406085431400,Tue Mar 03 14:57:58 +0800 2020,来得及的，况且你还有基础，我高中同学有好几个高二半路出家艺考音乐类，有一个考上浙音，其他的也都是挺好的学校的音乐专业,4,2,False,2885112193,耐高糖酵母,m,260,490,91,,Just want to stay right beside you.,3
4478389563597928,4478405343166574,Tue Mar 03 14:55:01 +0800 2020,本人某师范大学大一学生。普普通通艺考生，无缘专业类院校。以下也只适合想考师范的学生。第一，最好了解自己想考学校的招生政策；第二，每个学校有自己规定的曲目，尽早确立曲目；第三，找一位好老师非常有必要。第四，艺考和考级没有必然的关系。（如果考国外的学校，建议找靠谱机构）,2,0,False,7332592267,李维lewi,f,61,138,38,,📍上海 音乐生 爱吃喝玩乐 追星,0
4478389563597928,4478390234807201,Tue Mar 03 13:54:58 +0800 2020,mxhszd. 加油！,1,0,False,5912098196,我是你肌肉大哥,f,338,164,56,,怎么改名字,1
4478389563597928,4478409071327749,Tue Mar 03 15:09:50 +0800 2020,肯定来得及的，才高一呀,1,1,False,6473173503,化神奇为腐朽O_o,f,42,133,76,,相信，会有那道光芒🌟,0
4478389563597928,4478448091416921,Tue Mar 03 17:44:52 +0800 2020,个人建议你最好找艺术类学校老师了解一下艺考是怎样的，这样子你最选择会更有底一点,1,0,False,2143841104,台风请降临广东,f,787,315,78,,只为享受孤独空间,1
4478389563597928,4478402683756653,Tue Mar 03 14:44:27 +0800 2020,如果想考国外学校有什么其他的步骤吗？,0,0,False,6186845683,Dc君若水上风,f,393,175,167,,学生狗一只,0
4478389563597928,4478391472255347,Tue Mar 03 13:59:54 +0800 2020,mxhszd,0,0,False,6186845683,Dc君若水上风,f,393,175,167,,学生狗一只,0
4478389563597928,4478447722180424,Tue Mar 03 17:43:25 +0800 2020,肯定来得及啊,0,0,False,2143841104,台风请降临广东,f,787,315,78,,只为享受孤独空间,1
4478389563597928,4478403828768092,Tue Mar 03 14:49:00 +0800 2020,啊噗啊噗,0,0,False,6303719138,梅溪湖不加糖也超甜der,f,202,171,19,,一排一座的小可爱,0
4478373592557116,4478400972711200,Tue Mar 03 14:37:39 +0800 2020,我也觉得行,1,0,False,5497813984,Munnnnnir_,m,323,499,318,,西北玄天一朵💨,0
4478373592557116,4478433721334894,Tue Mar 03 16:47:47 +0800 2020,,0,0,False,1739421372,吖光噶一些事一些情,m,3622,962,7642,前 广州市青龙信息科技有限公司 摄影师,胶片控。徠卡控。甜。中味，新手,0
4478373461640095,4478375056158474,Tue Mar 03 12:54:40 +0800 2020,你真棒👍🏻,0,0,False,2231331905,主的小绵羊,m,1936,1720,2008,,神爱世人，甚至将他的独生子赐给他们，叫一切信他的，不至灭亡，反得永生。圣经新约约翰福音三章十六节经文,0
4478372631130147,4478372803415242,Tue Mar 03 12:45:42 +0800 2020,@我没有港台腔 佳凝女士,0,0,False,5475021364,YYYhh_,m,91,114,4274,,一个来自东北的憨憨,6
4478372631130147,4478501715305690,Tue Mar 03 21:17:58 +0800 2020,这个男孩子也好帅,0,1,False,6323569586,蔚羽本鱼,f,17,273,258,,20届艺考生,4
4478372631130147,4478501539732289,Tue Mar 03 21:17:15 +0800 2020,啊啊啊这个女孩子怎么这么好看！！！！,0,1,False,6323569586,蔚羽本鱼,f,17,273,258,,20届艺考生,4
4478372631130147,4478423113687579,Tue Mar 03 16:05:38 +0800 2020,帅,0,1,False,5890201913,小尤爱做梦yo,f,45,277,46,,努力的最终受益者是自己！,1
4478372631130147,4478412008116278,Tue Mar 03 15:21:30 +0800 2020,妈的，怎么这么帅,0,1,False,5645532212,这里是小渔,f,75,124,144,,温柔是宝藏   你也是,0
4478372631130147,4478390679868134,Tue Mar 03 13:56:45 +0800 2020,弟弟必火,0,0,False,3181338614,Princism,m,111,463,1178,,19岁,6
4478372631130147,4478390591381539,Tue Mar 03 13:56:23 +0800 2020,太好看了,0,0,False,3181338614,Princism,m,111,463,1178,,19岁,6
4478363010210367,4478370626801550,Tue Mar 03 12:37:04 +0800 2020,生日快乐,1,1,False,6320359136,是梦吗是左呀,f,225,437,189,今天我们背单词了超话小主持人,忙着生活，忙着追星，忙着优秀，忙着可爱,3
4478363010210367,4478491262863578,Tue Mar 03 20:36:26 +0800 2020,生日快乐啊康康,1,1,False,1863962804,小范婷儿,f,12559,522,1000,李凯馨超话粉丝大咖,像我这样笨拙的生活。,6
4478363010210367,4478462767393036,Tue Mar 03 18:43:12 +0800 2020,生日快乐！,1,0,False,5869863532,Dear决定你,m,318,661,584,,做好一件事难，但一件事都做不好谈何容易。,2
4478363010210367,4478401325209704,Tue Mar 03 14:39:03 +0800 2020,生日快乐,3,0,False,3842084774,康雪洁0721,f,3874,349,537,阜阳交友超话小主持人,有时候     刺猬比兔子更渴望拥抱💕,6
4478363010210367,4478382534473622,Tue Mar 03 13:24:23 +0800 2020,生日快乐哇！《老唱片》绝了！,1,1,False,5782255249,-西瓜r-Eleanor,f,637,430,197,,李凱馨的西瓜r 玺子哥的girl friend,4
4478363010210367,4478378201517449,Tue Mar 03 13:07:10 +0800 2020,生日快乐🎂🎉,1,1,False,5316008689,蔸荳豆,f,1046,280,161,,Happy！,3
4478363010210367,4478365513834520,Tue Mar 03 12:16:44 +0800 2020,生日快乐,1,1,False,6702834581,气泡錢钱,f,868,423,233,,李凱馨w,1
4478363010210367,4478363656004756,Tue Mar 03 12:09:22 +0800 2020,生日快乐啊  21,1,1,False,1683738812,esila_reborn,f,4594,287,335,李凯馨超话粉丝大咖,"我有一个傻傻小爱豆 她叫李凯馨。巴粉一枚。Love what u do, then do what u love.",4
4478363010210367,4478370240912934,Tue Mar 03 12:35:31 +0800 2020,生日快乐,1,1,False,6449648101,W秀侠,f,4,282,40,,,0
4478363010210367,4478530584351780,Tue Mar 03 23:12:40 +0800 2020,生日快乐🎂 🎂 🎂 祝你年年如今日快乐无忧,1,0,False,5894457419,内只懒猫,f,1335,385,189,,将所有温柔系数奉献于你  仍觉不够,3
4478363010210367,4478482475951995,Tue Mar 03 20:01:31 +0800 2020,生日快乐哟,1,0,False,6537248284,喜欢Eleanor50啦,f,223,159,407,,凯馨的宠儿,1
4478363010210367,4478540139701562,Tue Mar 03 23:50:39 +0800 2020,生日快乐💛,1,0,False,5982514282,ShmilyEleanor,f,73,84,153,,Happy.,3
4478363010210367,4478504320151123,Tue Mar 03 21:28:19 +0800 2020,生日快乐,1,0,False,5817408580,happy_涵涵不是憨憨,f,351,157,131,扬扬的小仙女们超话小主持人,一个很憨的涵涵,2
4478363010210367,4478462188514198,Tue Mar 03 18:40:53 +0800 2020,生日快乐,1,0,False,6137566535,桃沢月和,f,204,96,61,,桃咂🍑,2
4478363010210367,4478603616291260,Wed Mar 04 04:02:53 +0800 2020,,0,0,False,6380739231,比阳光还暖i,m,61,435,57,,你是我年少的欢喜,4
4478363010210367,4478649807512862,Wed Mar 04 07:06:26 +0800 2020,,0,0,False,7322688958,木子的馨啊,f,75,138,7,,开心基地,1
4478362204075453,4478362606818965,Tue Mar 03 12:05:12 +0800 2020,,0,0,False,5681288106,周周百毒不侵,f,3819,2392,1090,,微风往事,3
4478360892176444,4478404298098158,Tue Mar 03 14:50:51 +0800 2020,好像只存在买分 没有换的一说,5,3,False,3292583261,孜然味和麻椒味,f,35,49,271,,我在等 世上唯一契合灵魂,1
4478360892176444,4478506060773071,Tue Mar 03 21:35:13 +0800 2020,真没想到你钢琴60 太不公平了,3,0,False,6495192418,AILOE26,m,310,103,138,,接受你自己 做你自己,0
4478360892176444,4478397671608794,Tue Mar 03 14:24:32 +0800 2020,我的天咋这样,3,0,False,5325223324,温柔小DENG-,f,29,105,575,,希望我能前程似锦,0
4478360892176444,4478586801562030,Wed Mar 04 02:56:04 +0800 2020,我钢琴78 考试当天哇感觉自己状态爆表    成绩下来我妈把我骂死 我以为是我没弹好结果是黑幕气死我了,1,0,False,5210870737,仙女怡_,f,21,49,42,,仙女怡,0
4478360892176444,4478380575166645,Tue Mar 03 13:16:36 +0800 2020,那你总分多少,1,0,False,5551399976,沙娃帝娜,f,15,73,23,,雅安卫校98级妇幼班毕业,0
4478360892176444,4478409063220235,Tue Mar 03 15:09:48 +0800 2020,一样学了10年钢琴只有70多分,1,1,False,6124683818,乱猜大姑娘,m,17,59,23,,,0
4478360892176444,4478505620621163,Tue Mar 03 21:33:29 +0800 2020,我57,0,0,False,6495192418,AILOE26,m,310,103,138,,接受你自己 做你自己,0
4478360892176444,4478713292486597,Wed Mar 04 11:18:42 +0800 2020,巧了 我拼命练了3年66,0,0,False,5059228346,小号025,m,4,131,84,,😂,0
4478356823351673,4478399932500999,Tue Mar 03 14:33:31 +0800 2020,高三真的太快乐了 ,2,0,False,5941041783,cc不饿,f,495,272,176,,霍格沃茨唯一の爱哭鬼 ˃̣̣̥᷄⌓˂̣̣̥᷅,1
4478356823351673,4478362523552085,Tue Mar 03 12:04:51 +0800 2020,害 同感,1,0,False,5652139645,十卄了一,f,16,217,601,,十廾了一 等于 卉子,4
4478356823351673,4478463832495666,Tue Mar 03 18:47:25 +0800 2020,抱,1,0,False,5576231966,余昂o,f,8,96,190,,,0
4478352033200984,4478364280787576,Tue Mar 03 12:11:51 +0800 2020,来啦【我们的何洛洛专属小尾巴💫@R1SE-何洛洛 ,0,0,False,7271697400,Asteria-浠末,f,819,362,655,,这个人不懒，但照样什么都没有留下👻,2
4478352033200984,4478362363590955,Tue Mar 03 12:04:14 +0800 2020,🍟 🔆 ✨ 👑 R1SE唯一门面何洛洛👑 ✨ 🍒 🔆 🍟 薯片少年何洛洛👑 ✨ 🍒 🔆 🍟 宠鞋狂魔何洛洛 🍒 🔆 🍟 双面迷魂何洛洛✨ 🍒 🔆  🍥 👑 🍥 何洛洛🍥 👑 🍥 何洛洛🍥 👑 🍥 何洛洛🍥@R1SE-何洛洛,0,0,False,3321691092,洛哥的粉红豹,f,5900,448,11643,,先沉稳 后爱人,3
4478352033200984,4478361458261012,Tue Mar 03 12:00:38 +0800 2020,🍳 甜心轰炸机何洛洛 🍳 性感C位何洛洛 🍳 养成偶像何洛洛 🍳 反转魅力何洛洛 🍳 进步惊人何洛洛 🍳 颜值逆天何洛洛 🍳 温柔善良何洛洛 🍳 初恋笑容何洛洛 🍳 入股不亏何洛洛 🍳 未来有你何洛洛🎈,0,0,False,5720080197,Lymph1by,m,57,343,39,,,1
4478352033200984,4478359981722045,Tue Mar 03 11:54:45 +0800 2020,🍳R1SE门面担当何洛洛🍳脆脆鲨首席品鉴官🍳doki年度新势力🍳FILA潮流体验官🍳Fendi春夏男士系列新品发售会夺目亮相🍳麦吉丽护肤系列青春代言人🍳康师傅冰红茶燃战队代言人🍳必胜客牛人联盟🍳Calvin Klein双十一助愿官🍳@R1SE-何洛洛,0,0,False,5212407103,蒲望_,f,6582,544,613,白敬亭超话粉丝大咖,碎碎念,4
4478352033200984,4478358660421369,Tue Mar 03 11:49:30 +0800 2020,希望大家多多艾特@R1SE-何洛洛 有事没事都艾特@R1SE-何洛洛 或者转赞最近30天的wb，他@R1SE-何洛洛 互动量变低了虽然是@R1SE-何洛洛 自己不发微博造成的，但是作为@R1SE-何洛洛 的好姐姐还是要@R1SE-何洛洛 ,0,0,False,7060707186,上班闹闹下班觉觉,m,3115,128,115,,何洛洛聪明且可爱！帅气且阳光！,3
4478352033200984,4478358374765351,Tue Mar 03 11:48:23 +0800 2020,中午好【我们的何洛洛专属小尾巴💫@R1SE-何洛洛 ,0,0,False,5214783709,月亮甜粥zz,f,449,240,201,问答答主,和小熊交换一颗软糖,2
4478352033200984,4478357490226317,Tue Mar 03 11:44:51 +0800 2020,🍳R1SE门面担当何洛洛🍳脆脆鲨首席品鉴官🍳doki年度新势力🍳FILA潮流体验官🍳Fendi春夏男士系列新品发售会夺目亮相🍳麦吉丽护肤系列青春代言人🍳康师傅冰红茶燃战队代言人🍳必胜客牛人联盟🍳Calvin Klein双十一助愿官🍳,0,0,False,6972056197,二号炸厨房选手,f,260,74,6,,好事多磨 花城高一,1
4478352033200984,4478356076326971,Tue Mar 03 11:39:14 +0800 2020,🍳 甜心轰炸机何洛洛 🍳 性感C位何洛洛 🍳 养成偶像何洛洛 🍳 反转魅力何洛洛 🍳 进步惊人何洛洛 🍳 颜值逆天何洛洛 🍳 温柔善良何洛洛 🍳 初恋笑容何洛洛 🍳 入股不亏何洛洛 🍳 未来有你何洛洛🎈,0,0,False,7176952672,笛笙洛辰,f,6829,375,1847,,请认准R1SE唯一官方指定门面何洛洛,2
4478352033200984,4478355888284155,Tue Mar 03 11:38:30 +0800 2020,👑👑👑👑👑👑👑👑👑👑👑👑👑👑  🍬🍬🍬✨R1SE门面何洛洛✨🎐🎐🎐    🎐🎐🎐✨ 养成系超甜爱豆 ✨🍬🍬🍬   🍬🍬🍬✨ 运动风男神校草✨🎐🎐🎐   👑👑👑👑👑👑👑👑👑👑👑👑👑👑,0,0,False,6035803816,w岚瑟,f,2205,127,1176,赫萝哥哥的薯片超话主持人,人民有信仰，国家有力量，民族有希望。,3
4478352033200984,4478354998855659,Tue Mar 03 11:34:58 +0800 2020,✨✨✨ 🍫🍫✨✨✨🍫🍫✨✨✨  ✨✨🍫🍫🍫🍫👑🍫🍫🍫🍫✨✨  ✨✨🍫🍫R1SE 门面担当🍫🍫✨✨ ✨✨✨🍫@R1SE-何洛洛🍫✨✨✨ ✨✨✨✨🍫 何洛洛 🍫✨✨✨✨ ✨✨✨✨✨🍫🍫🍫✨✨✨✨✨  ✨✨✨✨✨✨🍫✨✨✨✨✨✨,0,0,False,6422242923,CHLLXR,f,4494,424,11364,哥哥的aj超话小主持人,何洛洛  王源,3
4478352033200984,4478354683757471,Tue Mar 03 11:33:43 +0800 2020,🌈 🌸 甜心轰炸机何洛洛 🌈 🌸 暴风成长何洛洛 🌈 🌸 养成系偶像何洛洛 🌈 🌸 反转魅力何洛洛 🌈 🌸 运动系学长何洛洛 🌈 🌸 门面担当何洛洛@R1SE-何洛洛,0,0,False,6486905172,盛夏光年忆,f,2362,321,4365,何洛洛超话粉丝大咖,糯米糍糯米糍糯米糍,3
4478352033200984,4478354285595547,Tue Mar 03 11:32:07 +0800 2020,来啦【我们的何洛洛专属小尾巴💫@R1SE-何洛洛 ,0,0,False,7271697400,Asteria-浠末,f,819,362,655,,这个人不懒，但照样什么都没有留下👻,2
4478352033200984,4478353715135665,Tue Mar 03 11:29:52 +0800 2020,何洛洛@R1SE-何洛洛,0,0,False,3719695010,柒玥末暮回首洛,f,200,288,2390,甜盐少年何洛洛超话小主持人,洛洛大方❤️,2
4478352033200984,4478353660636661,Tue Mar 03 11:29:38 +0800 2020,【我们的小朋友徐一宁专属小尾巴🍳@R1SE-何洛洛 】,0,0,False,7197354502,小徐衕學,f,2735,136,49,这座乐园不打烊超话主持人,你所经之地一定会有花香的味道@徐一宁,2
4478352033200984,4478353328968277,Tue Mar 03 11:28:20 +0800 2020,何洛洛🐰🐰🐰何洛洛🍳🍳🍳何洛洛🐰🐰🐰何洛洛🍳🍳🍳何洛洛🐰🐰🐰何洛洛🍳🍳🍳 何洛洛🐰🐰🐰何洛洛🍳🍳🍳何洛洛🐰🐰🐰 何洛洛🍳🍳🍳何洛洛🐰🐰🐰何洛洛🍳🍳🍳 何洛洛🐰,0,0,False,6159808221,顺问东安-,f,340,219,229,宁洛超话小主持人,徐你一世安宁✨,1
4478352033200984,4478352369318542,Tue Mar 03 11:24:31 +0800 2020,徐一宁世界第一可爱,0,0,False,6585021118,第四颗糖果,f,153,70,13,,惟觉时之枕席,2
4478352033200984,4478427417583455,Tue Mar 03 16:22:44 +0800 2020,何兔兔❤️【R1SE门面担当何洛洛专属小尾巴💫@R1SE-何洛洛,0,0,False,6773318980,苏沫沫zzy,f,483,158,108,,总有一天，你会站在最亮的地方，活成自己曾经曾经渴望的模样,1
4478352033200984,4478415950519733,Tue Mar 03 15:37:09 +0800 2020,🍳 R1SE门面何洛洛 🎈00后男明星带货总榜8次Top🥇脆脆鲨雀巢威化首席品鉴官食品类品牌代言效果Top🥇🎈 FILA潮流体验官服装类品牌效果Top2🎈Calvin Klein双十一助愿官热销榜单独揽Top1Top2🎈首封《精品购物指南》上线60s销量破万👑暴风成长，未来可期🍳 @R1SE-何洛洛 ,0,0,False,3885329713,我很快落23333,f,721,61,1050,,黑我儿子的都去死,0
4478352033200984,4478380697711416,Tue Mar 03 13:17:05 +0800 2020, 何洛洛@R1SE-何洛洛,0,0,False,7095985361,人间烟火爱吃鱼,m,4894,128,2275,,冷漠网友 变态辣,1
4478346517372134,4478359616507094,Tue Mar 03 11:53:19 +0800 2020,这首歌这个剧今年希望剧场见,1,0,False,7243950834,rainbow绒64147,m,5232,72,1049,,,1
4478346517372134,4478427551326533,Tue Mar 03 16:23:16 +0800 2020,好期待变身怪医,1,0,False,7385926258,康乃馨_y,m,1,63,0,,,0
4478346517372134,4478455481581231,Tue Mar 03 18:14:15 +0800 2020,初心曲,0,0,False,7002618196,一个不知道改什么名字的随便,f,6873,276,88,,还 想 改 名,2
4478346517372134,4478348245805514,Tue Mar 03 11:08:07 +0800 2020,转发微博,0,0,False,1146703147,爱乐的精灵,f,52796,2107,559,,,0
4478346517372134,4478372224835099,Tue Mar 03 12:43:25 +0800 2020,是歌词，亦是他自己,0,1,False,1495292112,喵之舜天,f,4720,687,516,,,5
4478346517372134,4478366683827443,Tue Mar 03 12:21:24 +0800 2020,爱情到来的时刻！,0,0,False,3708583121,大端端的后妈,f,882,539,70,,,2
4478346517372134,4478460087440579,Tue Mar 03 18:32:32 +0800 2020,爱情开始的地方,0,0,False,1095529517,龙龙全世界最可爱,f,5351,612,410,,重度缺绒患者 濒临发疯,0
4478346517372134,4478532229032431,Tue Mar 03 23:19:13 +0800 2020,入坑曲爱情开始的时候,0,0,False,7086378700,xier199711,f,6,60,0,,,0
4478346517372134,4478358995443899,Tue Mar 03 11:50:51 +0800 2020,#郑云龙7天告白大挑战# 也是我的最爱,0,0,False,7391782947,Frankie_mm,f,1,95,0,,,0
4478346463620389,4478431837933280,Tue Mar 03 16:40:18 +0800 2020,我哭了，第五张图显示不出来，想要的同学们私信问我要哦😊,0,1,False,6320973404,艺术升,m,1057,36,42538,艺术升官方微博,,3
4478346463620389,4478350808826079,Tue Mar 03 11:18:19 +0800 2020,求问地理相关知识点图，我一个东西南北都不分的路痴让我学地理真的是难为我,2,2,False,6588579596,念你如彬,m,97,107,36,,,0
4478346463620389,4478350465018436,Tue Mar 03 11:16:56 +0800 2020,认真背下来才是王道，历史特别好的人总是很有魅力,1,2,False,6497250799,这个菠萝蜜好甜,f,3,176,15,,世界和平,0
4478346463620389,4478347654601584,Tue Mar 03 11:05:47 +0800 2020,历史真是玄学，天天在鼓捣大事件和时间轴啥的,4,4,False,6588963797,小画家bb,f,95,132,34,,,0
4478346463620389,4478353313008749,Tue Mar 03 11:28:16 +0800 2020,我太难了！意大利的院校面试会随机抽取欧洲艺术史！姐妹们一定要学好历史啊！,1,0,False,6588578969,中上下上不野,f,96,108,33,,,0
4478342247892136,4478342764197651,Tue Mar 03 10:46:21 +0800 2020,给你大玫瑰， roseonly的,1,0,False,5208882884,光光Daytoy,f,4442,770,3020,肖战超话粉丝大咖,暴躁唯粉！社畜！么得感情的数据虾！,3
4478340355997863,4478340402910266,Tue Mar 03 10:36:58 +0800 2020,赞,0,0,False,6186423081,猪爸爸的风筝卡在树枝上了,f,5,211,71,,无论何时，我心依旧。,1
4478340138312884,4478345096129152,Tue Mar 03 10:55:37 +0800 2020,不用四舍五入 直接等量代换,1,0,False,6143877192,画海04018,f,14070,820,92,,,0
4478340138312884,4478340255270905,Tue Mar 03 10:36:23 +0800 2020,只要镜像一下，就是两张图,0,0,False,1907906671,LumosMaximum,f,998,343,120,,“这是一本关于理想的书”,6
4478340138312884,4478344923728900,Tue Mar 03 10:54:55 +0800 2020,hhh,0,0,False,3537041292,HelloNeptune,f,0,93,163,,only 巨星,0
4478339450548727,4478358580115157,Tue Mar 03 11:49:12 +0800 2020,不说话,2,0,False,6983289367,哒噜小鹿,m,29,131,81,,,0
4478339450548727,4478340448744887,Tue Mar 03 10:37:09 +0800 2020,大声说话，干扰到别人,0,2,False,5594876802,UPKURAMA超浓浓的糖,f,195,227,96,,钟情农农钟情UK～QQ：3107608115 ❤️ :gkxydyxf99,0
4478339450548727,4478339806609569,Tue Mar 03 10:34:36 +0800 2020,不礼貌，有方言音,0,2,False,5401513743,冻冬龙洞墙,f,178,248,119,,CCTV废柴执行官,0
4478339450548727,4478646448322978,Wed Mar 04 06:53:05 +0800 2020,不自信小动作不断  别人考试时自己跟没事人一样  要知道只要你进去之后  你的一举一动都是评分标准,1,0,False,7039575128,你29696,m,1,69,2,,,0
4478339450548727,4478346287322065,Tue Mar 03 11:00:20 +0800 2020,不尊重别人，大喊大叫,0,1,False,7306631513,小粽子舅妈_,f,49,91,8,,· 追鑫手帐 ·,0
4478339450548727,4478401337845305,Tue Mar 03 14:39:06 +0800 2020,阿谀奉承,0,0,False,5894753263,野原新之骞,f,50,104,597,,我们各自攀登 顶峰相见.,1
4478330285810535,4478367825120369,Tue Mar 03 12:25:56 +0800 2020,呜呜呜呜呜，好感动哥哥最好,0,1,False,5253130920,是你的小哈尼,f,273,98,138,,爱人之前先爱自己,0
4478330285810535,4478335163696348,Tue Mar 03 10:16:09 +0800 2020,好暖心的陈星旭,0,1,False,2065535425,我不一样a,f,84818,5973,5635,,我的特別只有喜歡我的人才懂 ❤  ♥½　　　　　　　　　　　　　-其实我笑点很低    最低的程度就是 看见你笑了 我也笑了。  我就是吸满欧气锦鲤大佬,5
4478330285810535,4478366923023963,Tue Mar 03 12:22:21 +0800 2020,他一直都是那个暖心的亮亮啊,0,0,False,5750735204,爱喝奶茶的麻辣香锅,f,141,351,66,,看来今年的🍁 不够红啊，来人呐赏黑砸一丈红💁,1
4478330285810535,4478365757467644,Tue Mar 03 12:17:43 +0800 2020,✨,0,0,False,5128431475,星旭的风铃,f,1482,143,81,,一年有四季，四季有你。陈星旭的宝贝。左脑与右脑。,1
4478330285810535,4478347985781790,Tue Mar 03 11:07:06 +0800 2020,做自己喜欢的事业,0,0,False,1792542763,陈星旭的衬衫,m,2335,374,206,陈星旭超话粉丝大咖,快落追旭,2
4478330285810535,4478344630031475,Tue Mar 03 10:53:44 +0800 2020,做喜欢的事，走好自己的路,0,0,False,1770679103,艾亚姆麻,f,2307,354,250,陈星旭超话粉丝大咖,世界和平💫 国家强大🌟 家庭幸福✨,4
4478330285810535,4478343807929659,Tue Mar 03 10:50:30 +0800 2020,一个人做自己喜欢的事，是真的很开心,0,0,False,7006626206,爱喝咖啡的怪兽,f,1037,388,423,最好的陈星旭超话主持人,你来人间一趟，要见见太阳,4
4478330285810535,4478335105060256,Tue Mar 03 10:15:55 +0800 2020,喜欢陈星旭,0,0,False,2023673753,谁捡了我的猫,f,17154,484,381,,开开心心过好每一天,6
4478330285810535,4478335088403184,Tue Mar 03 10:15:51 +0800 2020,陈星旭真的好暖,0,0,False,3895899047,娱乐九妹,f,21179,786,13034,时尚最美超话主持人,影视 娱乐 明星,4
4478330285810535,4478335029721166,Tue Mar 03 10:15:36 +0800 2020,支持正能量，加油陈星旭！,0,0,False,1758573693,Ggpl1949,m,7919,2088,15886,,All  is  well.,2
4478330285810535,4478335012751051,Tue Mar 03 10:15:32 +0800 2020,你们不能放弃啊，要坚持,0,0,False,5807284978,有内双的奔波儿灞,f,87825,1480,2954,,人生目标 攒钱买civic,2
4478330285810535,4478335000266403,Tue Mar 03 10:15:30 +0800 2020,加油陈星旭,0,0,False,5821589438,知名灵魂画手,f,782,561,62515,微博原创视频博主,不爱说笑的王奶奶,1
4478330285810535,4478334991345285,Tue Mar 03 10:15:27 +0800 2020,喜欢陈星旭 加油,0,0,False,7327207923,宋景天,m,17000,163,7964,,资深丑男,3
4478330285810535,4478334949911006,Tue Mar 03 10:15:18 +0800 2020,喜欢就很不易,0,0,False,6192441037,__七月月,f,85145,1471,3470,,所有的酒都不如你,1
4478330285810535,4478335235206026,Tue Mar 03 10:16:26 +0800 2020,陈星旭激励艺考粉丝 真的是棒棒哒,0,1,False,7340583053,龙猪zhu,f,11921,1111,270,,,0
4478330285810535,4478335206103863,Tue Mar 03 10:16:19 +0800 2020,加油，你们是最棒的,0,1,False,5258769097,我喜欢小哥哥an,f,22848,1937,356,,,1
4478330285810535,4478335184733322,Tue Mar 03 10:16:14 +0800 2020,陈星旭真的好暖,0,1,False,7337423694,天空的云66666,m,44,92,68,,,0
4478330285810535,4478335168489293,Tue Mar 03 10:16:10 +0800 2020,努力的同时做自己开心的事,0,1,False,5909859364,健月小花,f,12918,3657,1169,互联网资讯博主,关闭微博,2
4478330285810535,4478364377163195,Tue Mar 03 12:12:14 +0800 2020,加油加油加油哇,0,0,False,6409041638,九日哥哥的事业粉,f,348,252,92,,陈星旭✧＼ ٩(눈౪눈)و /／✧加油啊喂,1
4478330285810535,4478349201667444,Tue Mar 03 11:11:56 +0800 2020,可以做自己喜欢的事情，也是很幸运的,0,0,False,3046810323,测试元旦能不能改ID,f,1190,97,888,江苏佳讯电子有限公司 总经理 孙健,知足常乐,3
4478328251935500,4478336657368840,Tue Mar 03 10:22:04 +0800 2020,我本人,1,6,False,5273385175,娄明星星星星星,f,70,1487,18081,,🧚‍♀️要喜欢我|合作私信,5
4478328251935500,4478329077687160,Tue Mar 03 09:51:58 +0800 2020,哈哈哈哈哈哈哈哈害怕,2,1,False,2784038681,insomnia·hh,f,858,576,35841,知名萌宠博主,Every thine  Every mine  Every ours,6
4478328251935500,4478369510958415,Tue Mar 03 12:32:37 +0800 2020,我看到她生娃的时候也震惊了🤯,1,1,False,2319968713,SHAWCs,f,150,488,1594,,🖕🏿,6
4478328251935500,4478336216360697,Tue Mar 03 10:20:20 +0800 2020,天天还能混吃混喝那不香吗,1,0,False,5618675864,沐淋小雅,f,91,395,13588,,,5
4478328251935500,4478341237583088,Tue Mar 03 10:40:17 +0800 2020,hhhhh 真实,0,0,False,6541429021,蔬菜Sccc,m,26,105,55,,继续热爱  继续探寻,1
4478328251935500,4478333217236419,Tue Mar 03 10:08:24 +0800 2020,下午茶不吃吗,0,0,False,7357266598,土川和尚,m,160,81,22,,KEEP IT REAL ｜ STAY GOLD,2
4478328251935500,4478519524293675,Tue Mar 03 22:28:44 +0800 2020,还是不生了吧,0,0,False,5394136355,KLAUSS___,m,31,75,1468,,,2
4478328251935500,4478341656976564,Tue Mar 03 10:41:56 +0800 2020,我也是！！！！而且我朋友才20，我才大三。。。。我透了,0,0,False,5579731228,土拨鼠想吃牛肉面啊,f,77,229,885,,脾气不好,1
4478328251935500,4478340926930346,Tue Mar 03 10:39:03 +0800 2020,她们够早的。,0,0,False,1645894632,观者佚名,m,1404,433,2411,,,0
4478328251935500,4478445683468684,Tue Mar 03 17:35:19 +0800 2020,没办法撒 你只能继续独自美丽！,0,0,False,3959627367,Shotarabbit,f,127,292,498,,没有介绍,6
4478328251935500,4478331968187836,Tue Mar 03 10:03:27 +0800 2020,没有生娃不晒娃的。,0,0,False,7332495047,阿鹿撸猫Lulu,f,5,187,37,,不拒绝一切新鲜的肉体。,0
4478310169875794,4478440889846245,Tue Mar 03 17:16:16 +0800 2020,可以买跳舞毯一边玩一边减肥,1,0,False,3544004852,九零000000000,f,80,305,237,,行到水穷处 坐看云起时,1
4478310119833078,4478310543038046,Tue Mar 03 08:38:18 +0800 2020,好诗！好诗！,3,0,False,5795048073,哭唧唧想吃肉的我,f,4300,2203,242,法扎超话主持人,Rock cat,4
4478310119833078,4478310761786871,Tue Mar 03 08:39:11 +0800 2020,绝！,0,0,False,6326439559,磕云上头西西,f,287,194,68,,十一年挚友,0
4478301127547554,4478318332379563,Tue Mar 03 09:09:16 +0800 2020,颜色,0,0,False,7373199885,专业订标,m,110,168,5,,,1
4478301127547554,4478301190161118,Tue Mar 03 08:01:08 +0800 2020,,0,0,False,5154664132,帅哥半仙儿,m,67,273,4,,,0
4478286061481936,4478286158094067,Tue Mar 03 07:01:25 +0800 2020,🌹🌹🌹🌹🌹🌹🌹🌹🌹,0,0,False,6139339492,高山观流水阳春赏白雪,m,227,22,57,,,1
4478279660560382,4478345410430340,Tue Mar 03 10:56:52 +0800 2020,图片评论,0,0,False,1929564543,传奇之路朱传奇,m,19307,639,1346486,北京传奇之路商贸有限责任公司CEO  爱微藏签约名家 知名人文艺术博主 微博签约自媒体,传奇之路，梦想与爱同在！,7
4478255635713138,4478283510626646,Tue Mar 03 06:50:54 +0800 2020,阅,0,0,False,7208169676,王诗聆小可,m,1364,709,144,,,0
4478240561658526,4478300594568700,Tue Mar 03 07:58:47 +0800 2020,太好看了,0,0,False,5654021088,凯凯夹娃娃大神,f,3,153,84,,,0
4478229047614898,4478278548759177,Tue Mar 03 06:31:10 +0800 2020,唉 没事啦 以后一起去玩吧！,0,0,False,5301310158,Cuuuupid,f,57,208,35,,别他妈看 老子烦的要死,1
4478225764144650,4478283578150055,Tue Mar 03 06:51:10 +0800 2020,转,0,0,False,7208169676,王诗聆小可,m,1364,709,144,,,0
4478216284323001,4478216997352609,Tue Mar 03 02:26:36 +0800 2020,你那么瘦！！！！！,1,0,False,5977191736,kiki唐琪,f,196,739,1433,,不是博主,2
4478216284323001,4478310782468820,Tue Mar 03 08:39:16 +0800 2020,一切都是美丽的阴差阳错,1,0,False,6570066368,JiaLinn,f,118,208,385,,+0,3
4478216284323001,4478289856470275,Tue Mar 03 07:16:07 +0800 2020,一定要好好吃饭才能瘦我算是明白了,1,0,False,5599638317,Cheng_27,f,93,203,1484,,我还是会依然相信◡̈,3
4478216284323001,4478226929587308,Tue Mar 03 03:06:04 +0800 2020,我想去四川 我朋友想留安徽 结果她去了四川 我留在了安徽,1,0,False,3923870276,晨晨没错了,f,12,44,136,,我从来都只为你而来,0
4478194692366935,4478195270925851,Tue Mar 03 01:00:16 +0800 2020,Wuli月月又好看了呜呜呜好想她,1,0,False,1702818364,牌匾是只小鸽子呢,f,318,62,4547,,【词作/剪辑/写手】人美心善说的可从来都不是我。,4
4478194692366935,4478393884461101,Tue Mar 03 14:09:29 +0800 2020,会的会的,0,0,False,5684886954,坤大仙儿,f,20,128,348,,平平无奇 中国女孩,1
4478194692366935,4478348854412179,Tue Mar 03 11:10:33 +0800 2020,不记体重的两天可以放心的大口大口吃饭了,0,0,False,6241743154,我的艺考圈,m,422,2335,112262,雨果投资旗下媒体平台,艺考从来没有那么难，跟着我玩闹之余轻松考学,6
4478190297269708,4478193237329216,Tue Mar 03 00:52:11 +0800 2020,天啊 我还没开始写论文,3,0,False,6776592863,坠毁日记,f,914,42,9,,我有哥哥你有没有,0
4478189688673738,4478192322106932,Tue Mar 03 00:48:33 +0800 2020,致新青年,1,0,False,2905800797,小虎指定橡皮泥,f,7001,448,335,,快乐王子，永恒的爱为你停留,5
4478182960677881,4478521407850428,Tue Mar 03 22:36:12 +0800 2020,生日快乐宝贝！,1,0,False,5515033809,丫丫是叫王娅文,f,25,101,82,,把微博当成承载回忆的地方,0
4478182960677881,4478295951638300,Tue Mar 03 07:40:19 +0800 2020,生日快乐 起来考历史了,1,0,False,5666015639,x奇妙,f,51,180,246,,越努力，越幸运,1
4478182960677881,4478185569735408,Tue Mar 03 00:21:43 +0800 2020,生日快乐 成年快乐鸭,1,1,False,6985789898,小甄睡不醒z,f,62,131,2,,,0
4478182960677881,4478183837897678,Tue Mar 03 00:14:50 +0800 2020,生日快乐，加油,1,0,False,6130686118,皮蛋瘦肉粥_五月,f,46,158,67,,,1
4478182960677881,4478183468451469,Tue Mar 03 00:13:22 +0800 2020,生日快乐！一切顺利！,1,0,False,1935781767,戴斯博若特,f,396,409,348,,心里藏着小星星生活才能亮晶晶,0
4478182960677881,4478182994727488,Tue Mar 03 00:11:29 +0800 2020,生日快乐,1,0,False,6596200754,活力满满的2020,f,3929,139,91,,,1
4478182536893457,4478183140930017,Tue Mar 03 00:12:03 +0800 2020,台上光芒万丈舞台王者，台下可盐可甜元气少年。暴风成长是你，不忘初心是你，@R1SE-何洛洛，你是我平凡人生里的阳光，元气满满的活力来源。🍳🍳🍳🍳🍳🍳,0,0,False,7032448973,-hll很棒,f,976,467,138,,一个追星小白成长中… 何洛洛是底线❤️ 雷9,2
4478182536893457,4478182705581769,Tue Mar 03 00:10:20 +0800 2020,👑👑👑👑👑👑👑👑👑👑👑👑👑👑  🍬🍬🍬✨R1SE门面何洛洛✨🎐🎐🎐    🎐🎐🎐✨ 养成系超甜爱豆 ✨🍬🍬🍬   🍬🍬🍬✨ 运动风男神校草✨🎐🎐🎐   👑👑👑👑👑👑👑👑👑👑👑👑👑👑,0,0,False,2931147851,一抓一大把_,m,6556,770,66130,问答答主,全球娱乐圈洛毒唯,3
4478182536893457,4478183589930947,Tue Mar 03 00:13:51 +0800 2020,说星星很亮的人，一定没见你的眼睛,0,1,False,3439152474,疯子家的萌姐,f,3750,400,11005,张哲瀚超话粉丝大咖,🍳别让饭圈的那点破事消磨了你对他的喜爱 ​​​🍳,5
4478182536893457,4478183661831451,Tue Mar 03 00:14:08 +0800 2020,🍳 甜心轰炸机何洛洛 🍳 性感C位何洛洛 🍳 养成偶像何洛洛 🍳 反转魅力何洛洛 🍳 进步惊人何洛洛 🍳 颜值逆天何洛洛 🍳 温柔善良何洛洛 🍳 初恋笑容何洛洛 🍳 入股不亏何洛洛 🍳 未来有你何洛洛🎈,0,0,False,6508844210,星河收音机-,f,1130,819,533,宝藏男友何洛洛超话小主持人,0504💙💫,0
4478182536893457,4478306684377290,Tue Mar 03 08:22:59 +0800 2020,👑👑👑👑👑👑👑👑👑👑👑👑👑👑  🍬🍬🍬✨R1SE门面何洛洛✨🎐🎐🎐    🎐🎐🎐✨ 养成系超甜爱豆 ✨🍬🍬🍬   🍬🍬🍬✨ 运动风男神校草✨🎐🎐🎐   👑👑👑👑👑👑👑👑👑👑👑👑👑👑,0,0,False,6035803816,w岚瑟,f,2205,127,1176,赫萝哥哥的薯片超话主持人,人民有信仰，国家有力量，民族有希望。,3
4478182536893457,4478205383713316,Tue Mar 03 01:40:27 +0800 2020,✨✨✨♥️♥️✨✨✨♥️♥️✨✨✨ ✨✨♥️♥️♥️♥️🌟♥️♥️♥️♥️✨✨  ✨✨♥️♥️唯一门面 ♥️♥️✨✨  ✨✨✨♥️@R1SE-何洛洛♥️✨✨✨ ✨✨✨✨♥️  何洛洛 ♥️✨✨✨✨ ✨✨✨✨✨♥️♥️♥️✨✨✨✨✨ ✨✨✨✨✨✨♥️✨✨✨✨✨✨,0,0,False,5463405216,小路居居饼,f,4316,581,10863,问答答主,,3
4478182536893457,4478184676729912,Tue Mar 03 00:18:09 +0800 2020,何洛洛啊,0,0,False,5949606804,宁一零五零四,m,2918,262,127,,热爱,3
4478182536893457,4478184521709787,Tue Mar 03 00:17:32 +0800 2020,🍳R1SE门面担当何洛洛🍳脆脆鲨首席品鉴官🍳doki年度新势力🍳FILA潮流体验官🍳Fendi春夏男士系列新品发售会夺目亮相🍳麦吉丽护肤系列青春代言人🍳康师傅冰红茶燃战队代言人🍳必胜客牛人联盟🍳Calvin Klein双十一助愿官🍳@R1SE-何洛洛,0,0,False,3825038176,啊啊哈哈哈·,m,1110,180,159,,间歇性追星,2
4478182536893457,4478184227988767,Tue Mar 03 00:16:23 +0800 2020,🍳 甜心轰炸机何洛洛 🍳 性感C位何洛洛 🍳 养成偶像何洛洛 🍳 反转魅力何洛洛 🍳 进步惊人何洛洛 🍳 颜值逆天何洛洛 🍳 温柔善良何洛洛 🍳 初恋笑容何洛洛 🍳 入股不亏何洛洛 🍳 未来有你何洛洛🎈,0,0,False,6154091021,八號当铺i__,f,1023,356,1148,十一吖超话主持人 问答答主,糯糯,2
4478182536893457,4478183707892458,Tue Mar 03 00:14:19 +0800 2020,✨✨✨🔷🔷✨✨✨🔷🔷✨✨✨ ✨✨🔷🔷🔷🔷👑🔷🔷🔷🔷✨✨ ✨✨🔷🔷2020 快快洛洛🔷🔷✨✨ ✨✨✨🔷@R1SE-何洛洛🔷✨✨✨ ✨✨✨✨🔷  何洛洛 🔷✨✨✨✨ ✨✨✨✨✨🔷🔷🔷✨✨✨✨✨  ✨✨✨✨✨✨🔷✨✨✨✨✨✨,0,0,False,6585021118,第四颗糖果,f,153,70,13,,惟觉时之枕席,2
4478182536893457,4478183585519982,Tue Mar 03 00:13:49 +0800 2020,✨风和阳光都嫉妒的美貌【何洛洛帅帅气气的专属小尾巴💫@R1SE-何洛洛,0,0,False,6424210139,星光与你甚是可爱,f,5763,609,51695,问答答主,本命何洛洛，欢迎各位小姐姐来撩❤️,4
4478182536893457,4478183560456277,Tue Mar 03 00:13:43 +0800 2020,👑👑👑👑👑👑👑👑👑👑👑👑👑👑  🍬🍬🍬✨R1SE门面何洛洛✨🎐🎐🎐    🎐🎐🎐✨ 养成系超甜爱豆 ✨🍬🍬🍬   🍬🍬🍬✨ 运动风男神校草✨🎐🎐🎐   👑👑👑👑👑👑👑👑👑👑👑👑👑👑,0,0,False,5982981442,豆芽祝何洛洛19生日快乐,f,5305,283,1326,,我话超多，直关不回，互关私信😘,3
4478182536893457,4478183203983837,Tue Mar 03 00:12:18 +0800 2020,🍳 R1SE门面何洛洛 🎈00后男明星带货总榜8次Top🥇脆脆鲨雀巢威化首席品鉴官食品类品牌代言效果Top🥇🎈 FILA潮流体验官服装类品牌效果Top2🎈Calvin Klein双十一助愿官热销榜单独揽Top1Top2 @R1SE-何洛洛,0,0,False,6902203502,寥洛晨星,f,2790,639,10917,,-只想快乐追星-,3
4478182536893457,4478183137450444,Tue Mar 03 00:12:02 +0800 2020,🍟 🔆  ✨ 👑 唯一门面何洛洛👑 ✨ 🍒 🔆 🍟 薯片少年何洛洛👑 ✨ 🍒 🔆 🍟 宠鞋狂魔何洛洛 🍒 🔆 🍟 双面迷魂何洛洛✨ 🍒 🔆   🍥 👑 🍥 何洛洛🍥 👑 🍥 何洛洛🍥 👑 🍥 何洛洛🍥@R1SE-何洛洛,0,0,False,6003807809,糯糯喜欢粉红豹,f,3459,486,235,糯米糍的AJ11超话小主持人,何洛洛的糯米糍,2
4478182536893457,4478182839302920,Tue Mar 03 00:10:51 +0800 2020,🍳R1SE门面担当何洛洛🍳脆脆鲨首席品鉴官🍳doki年度新势力🍳FILA潮流体验官🍳Fendi春夏男士系列新品发售会夺目亮相🍳麦吉丽护肤系列青春代言人🍳康师傅冰红茶燃战队代言人🍳必胜客牛人联盟🍳Calvin Klein双十一助愿官🍳@R1SE-何洛洛,0,0,False,5122340768,镜子镜子你好_mirror,m,14555,703,10552,新鲜事作者 糯米团团超话小主持人 问答答主,solo，不扩关,3
4478182536893457,4478182801079500,Tue Mar 03 00:10:43 +0800 2020,他来了他来了，他真的来了,0,0,False,3874987782,缓缓让我,f,6586,543,11939,微博剪辑视频博主,“In your eyes I can see an eternity”,3
4478182536893457,4478187079490241,Tue Mar 03 00:27:42 +0800 2020,✨ 🌈  唯一门面何洛洛 🌈 ✨ 💝 🏹 🌟 🌈 ✨ 生图杀手何洛洛🌈 ✨💝 🏹 元气满满何洛洛🏹 💝✨ 🌈 人间甜豆何洛洛🌈 ✨💝 🏹  🌈 ✨ 唱跳俱佳何洛洛🌈 ✨💝 🏹 何洛洛✨ 🌈,0,0,False,5314247401,草莓感冒片654,f,325,380,3279,,👀 咋介绍呢,0
4478182536893457,4478186551765490,Tue Mar 03 00:25:37 +0800 2020,何洛洛@R1SE-何洛洛 ,0,0,False,6961023252,哈哈哈哈吃瓜号,m,1608,128,39,,吃瓜大人要红V,0
4478182536893457,4478186455228788,Tue Mar 03 00:25:14 +0800 2020,🍳 甜心轰炸机何洛洛 🍳 性感C位何洛洛 🍳 养成偶像何洛洛 🍳 反转魅力何洛洛 🍳 进步惊人何洛洛 🍳 颜值逆天何洛洛 🍳 温柔善良何洛洛 🍳 初恋笑容何洛洛 🍳 入股不亏何洛洛 🍳 未来有你何洛洛🎈,0,0,False,7151287123,章鱼丸子so,m,375,69,6,,,0
4478181975187328,4478183330443378,Tue Mar 03 00:12:48 +0800 2020,好看的皮囊千篇一律，有趣的灵魂万里挑一。,0,1,False,3439152474,疯子家的萌姐,f,3750,400,11005,张哲瀚超话粉丝大咖,🍳别让饭圈的那点破事消磨了你对他的喜爱 ​​​🍳,5
4478181975187328,4478383641706875,Tue Mar 03 13:28:47 +0800 2020,网页链接何洛洛🐰🐰🐰何洛洛🍳🍳🍳何洛洛🐰🐰🐰何洛洛🍳🍳🍳何洛洛🐰🐰🐰何洛洛🍳🍳🍳 何洛洛🐰🐰🐰何洛洛🍳🍳🍳何洛洛🐰🐰🐰 何洛洛🍳🍳🍳何洛洛🐰🐰🐰何洛洛🍳🍳🍳 何洛洛,0,0,False,5706680891,咩糯星何,m,979,313,1367,何洛洛的飞船基地超话小主持人,很喜欢何洛洛,2
4478181975187328,4478205287308981,Tue Mar 03 01:40:04 +0800 2020,✨✨✨♥️♥️✨✨✨♥️♥️✨✨✨ ✨✨♥️♥️♥️♥️🌟♥️♥️♥️♥️✨✨  ✨✨♥️♥️唯一门面 ♥️♥️✨✨  ✨✨✨♥️@R1SE-何洛洛♥️✨✨✨ ✨✨✨✨♥️  何洛洛 ♥️✨✨✨✨ ✨✨✨✨✨♥️♥️♥️✨✨✨✨✨ ✨✨✨✨✨✨♥️✨✨✨✨✨✨,0,0,False,5463405216,小路居居饼,f,4316,581,10863,问答答主,,3
4478181975187328,4478183434489503,Tue Mar 03 00:13:14 +0800 2020,🍳R1SE门面担当何洛洛🍳脆脆鲨首席品鉴官🍳doki年度新势力🍳FILA潮流体验官🍳Fendi春夏男士系列新品发售会夺目亮相🍳麦吉丽护肤系列青春代言人🍳康师傅冰红茶燃战队代言人🍳必胜客牛人联盟🍳Calvin Klein双十一助愿官🍳@R1SE-何洛洛,0,0,False,6424210139,星光与你甚是可爱,f,5763,609,51695,问答答主,本命何洛洛，欢迎各位小姐姐来撩❤️,4
4478181975187328,4478182344125876,Tue Mar 03 00:08:54 +0800 2020,恢弘志士之气，不宜妄自菲薄,0,0,False,3874987782,缓缓让我,f,6586,543,11939,微博剪辑视频博主,“In your eyes I can see an eternity”,3
4478181975187328,4478182294076698,Tue Mar 03 00:08:42 +0800 2020,🍳何洛洛跟镜头请假🍳何洛洛 我们也不辜负你🍳何洛洛 r1se巡回演唱会🍳何洛洛 徐一宁🍳何洛洛你才18岁🍳何洛洛 十一少年的秋天🍳何洛洛 生图必须拥有姓名🍳何洛洛 游戏搞笑buff🍳何洛洛 元气满满正能量🍳何洛洛 掷地有声的青春🍳何洛洛 雀巢威化首席品鉴官🍳,0,0,False,6333305271,夹夹要努力,f,6414,372,223,,你值得无限的爱与美好@R1SE-何洛洛,3
4478181975187328,4478182239777549,Tue Mar 03 00:08:29 +0800 2020,👑👑👑👑👑👑👑👑👑👑👑👑👑👑  🍬🍬🍬✨R1SE门面何洛洛✨🎐🎐🎐    🎐🎐🎐✨ 养成系超甜爱豆 ✨🍬🍬🍬   🍬🍬🍬✨ 运动风男神校草✨🎐🎐🎐   👑👑👑👑👑👑👑👑👑👑👑👑👑👑,0,0,False,2931147851,一抓一大把_,m,6556,770,66130,问答答主,全球娱乐圈洛毒唯,3
4478181975187328,4478306559026189,Tue Mar 03 08:22:29 +0800 2020,👑👑👑👑👑👑👑👑👑👑👑👑👑👑  🍬🍬🍬✨R1SE门面何洛洛✨🎐🎐🎐    🎐🎐🎐✨ 养成系超甜爱豆 ✨🍬🍬🍬   🍬🍬🍬✨ 运动风男神校草✨🎐🎐🎐   👑👑👑👑👑👑👑👑👑👑👑👑👑👑,0,0,False,6035803816,w岚瑟,f,2205,127,1176,赫萝哥哥的薯片超话主持人,人民有信仰，国家有力量，民族有希望。,3
4478181975187328,4478184621731909,Tue Mar 03 00:17:57 +0800 2020,✨✨✨❄️❄️✨✨✨❄️❄️✨✨✨ ✨✨❄️❄️❄️❄️👑❄️❄️❄️❄️✨✨ ✨✨❄️❄️R1SE  唯一门面❄️❄️✨✨ ✨✨✨❄️@R1SE-何洛洛❄️✨✨✨ ✨✨✨✨❄️  何洛洛 ❄️✨✨✨✨ ✨✨✨✨✨❄️❄️❄️✨✨✨✨✨  ✨✨✨✨✨✨❄️✨✨✨✨✨✨,0,0,False,3825038176,啊啊哈哈哈·,m,1110,180,159,,间歇性追星,2
4478181975187328,4478184097165674,Tue Mar 03 00:15:52 +0800 2020,🍳 甜心轰炸机何洛洛 🍳 性感C位何洛洛 🍳 养成偶像何洛洛 🍳 反转魅力何洛洛 🍳 进步惊人何洛洛 🍳 颜值逆天何洛洛 🍳 温柔善良何洛洛 🍳 初恋笑容何洛洛 🍳 入股不亏何洛洛 🍳 未来有你何洛洛🎈,0,0,False,6154091021,八號当铺i__,f,1023,356,1148,十一吖超话主持人 问答答主,糯糯,2
4478181975187328,4478183891757240,Tue Mar 03 00:15:02 +0800 2020,🍳R1SE门面担当何洛洛🍳脆脆鲨首席品鉴官🍳doki年度新势力🍳FILA潮流体验官🍳Fendi春夏男士系列新品发售会夺目亮相🍳麦吉丽护肤系列青春代言人🍳康师傅冰红茶燃战队代言人🍳必胜客牛人联盟🍳Calvin Klein双十一助愿官🍳@R1SE-何洛洛,0,0,False,5949606804,宁一零五零四,m,2918,262,127,,热爱,3
4478181975187328,4478183267533466,Tue Mar 03 00:12:34 +0800 2020,👑👑👑👑👑👑👑👑👑👑👑👑👑👑  🍬🍬🍬✨R1SE门面何洛洛✨🎐🎐🎐    🎐🎐🎐✨ 养成系超甜爱豆 ✨🍬🍬🍬   🍬🍬🍬✨ 运动风男神校草✨🎐🎐🎐   👑👑👑👑👑👑👑👑👑👑👑👑👑👑,0,0,False,5982981442,豆芽祝何洛洛19生日快乐,f,5305,283,1326,,我话超多，直关不回，互关私信😘,3
4478181975187328,4478182743226215,Tue Mar 03 00:10:29 +0800 2020,🍳R1SE门面担当何洛洛🍳脆脆鲨首席品鉴官🍳doki年度新势力🍳FILA潮流体验官🍳Fendi春夏男士系列新品发售会夺目亮相🍳麦吉丽护肤系列青春代言人🍳康师傅冰红茶燃战队代言人🍳必胜客牛人联盟🍳Calvin Klein双十一助愿官🍳@R1SE-何洛洛,0,0,False,5122340768,镜子镜子你好_mirror,m,14555,703,10552,新鲜事作者 糯米团团超话小主持人 问答答主,solo，不扩关,3
4478181975187328,4478182469771954,Tue Mar 03 00:09:24 +0800 2020,✨ 🌈  唯一门面何洛洛 🌈 ✨ 💝 🏹 🌟 🌈 ✨ 生图杀手何洛洛🌈 ✨💝 🏹 元气满满何洛洛🏹 💝✨ 🌈 人间甜豆何洛洛🌈 ✨💝 🏹  🌈 ✨ 唱跳俱佳何洛洛🌈 ✨💝 🏹 何洛洛✨ 🌈✨💝,0,0,False,5692034842,一上线就话唠的yeon,f,6278,215,13653,娱乐博主,人类的本质是颜狗,6
4478181975187328,4478182373606581,Tue Mar 03 00:09:00 +0800 2020,👿R1SE门面担当何洛洛👻🍳👿双面迷魂👻🍳👿R1SE门面担当何洛洛👻🍳👿人间甜豆👻🍳👿R1SE门面担当何洛洛👻🍳👿元气满满👻🍳👿R1SE门面担当何洛洛👻🍳👿厨艺担当👻🍳👿R1SE门面担当何洛洛👻🍳,0,0,False,6902203502,寥洛晨星,f,2790,639,10917,,-只想快乐追星-,3
4478181975187328,4478182293846468,Tue Mar 03 00:08:41 +0800 2020,🍳R1SE门面担当何洛洛🍳脆脆鲨首席品鉴官🍳doki年度新势力🍳FILA潮流体验官🍳Fendi春夏男士系列新品发售会夺目亮相🍳麦吉丽护肤系列青春代言人🍳康师傅冰红茶燃战队代言人🍳必胜客牛人联盟🍳Calvin Klein双十一助愿官🍳@R1SE-何洛洛,0,0,False,5176596751,又想改名了-,f,3316,211,138,,暂无简介,2
4478181975187328,4478182281695568,Tue Mar 03 00:08:38 +0800 2020,✨ ✨ ✨ ✨ 可盐可甜何洛洛 ✨ ✨ ✨ ✨ ✨ ✨  ✨ ✨ ✨✨  可可爱爱何洛洛✨ ✨ ✨ ✨ ✨ ✨  ✨ ✨ ✨✨  人帅歌甜何洛洛✨ ✨ ✨,0,0,False,6585021118,第四颗糖果,f,153,70,13,,惟觉时之枕席,2
4478181975187328,4478186383231735,Tue Mar 03 00:24:56 +0800 2020,何洛洛@R1SE-何洛洛 ,0,0,False,6961023252,哈哈哈哈吃瓜号,m,1608,128,39,,吃瓜大人要红V,0
4478181975187328,4478183409692165,Tue Mar 03 00:13:08 +0800 2020,🍳 甜心轰炸机何洛洛 🍳 性感C位何洛洛 🍳 养成偶像何洛洛 🍳 反转魅力何洛洛 🍳 进步惊人何洛洛 🍳 颜值逆天何洛洛 🍳 温柔善良何洛洛 🍳 初恋笑容何洛洛 🍳 入股不亏何洛洛 🍳 未来有你何洛洛🎈,0,0,False,6508844210,星河收音机-,f,1130,819,533,宝藏男友何洛洛超话小主持人,0504💙💫,0
4478180444268049,4478181467495983,Tue Mar 03 00:05:25 +0800 2020,我寻思这过得也太快了吧，当年我也只是个准备学考的高二生,1,0,False,3636578190,YOLO_Aleyna酱,f,682,132,112,,责怪的话从不说 难过也只是静默,1
4478162857513384,4478164081917429,Mon Mar 02 22:56:20 +0800 2020,回复@豫章凡人 的表态:👏🏻👏🏻👍🏻👍🏻,0,0,False,1291383574,廖小寧声乐教学,f,2902,389,1958,,美聲藝苑作为系统研究意大利咽音的权威机构，以《廖小寧咽音体系声乐教学》系列课程助力热爱歌唱的莘莘学子圆梦艺术殿堂。 微信： artmus,2
4478161402249350,4478166788169755,Mon Mar 02 23:07:04 +0800 2020,好想嘴美女,2,0,False,2184631195,小碗甜加辣,f,1348,279,703,,,1
4478161402249350,4478230318503420,Tue Mar 03 03:19:32 +0800 2020,石头胖了！！,1,0,False,2552781801,-你君宝宝,f,1272,133,1044,,❤️。,5
4478161402249350,4478194474807099,Tue Mar 03 00:57:06 +0800 2020,我石头哥没脖子了！！,1,0,False,3994366648,Iieuaun,f,275,213,420,,中国音乐学院管弦系  17届大提琴🤟🏻,1
4478159011580630,4478159342523393,Mon Mar 02 22:37:30 +0800 2020,而我时常回想起去年心力交瘁的春三月，我半夜溜到宿舍看星星痛哭流涕的时候，我是在哭我的梦想，还是在哭我失去的亲人，已经分辨不清了,0,0,False,2236441915,怎么还在熬夜捏,f,1722,445,103,,做你自己吧。,1
4478156343685755,4478163126297062,Mon Mar 02 22:52:31 +0800 2020,字正腔圆才有资格参加艺考//@中国播音主持网:,0,0,False,1286211941,知名记者何红,f,7105,3786,314400,中国经济时报 经济部记者、编辑、策划 头条文章作者,CCTV编导、文化部东方文化研究会国学委常务副秘书长、中央国家机关美院副主席助理、世界青商经济文化交流中心副秘书长、曾任中国经济时报社记者,6
4478152153390967,4478172210744170,Mon Mar 02 23:28:38 +0800 2020,没好感 竟然叫自己鬼鬼 明明不行还各种洗白 好像谁都欠你的，毛不易老樊鬼鬼邓紫棋都欠你的就你最好，有毛病,18,79,False,6574299226,十九32183,m,10,61,8,,,0
4478152153390967,4478179940708958,Mon Mar 02 23:59:21 +0800 2020,这个还是算了吧,1,53,False,45858,宠物小助,m,205,475,229,,爱撕机膜人 老实人,6
4478152153390967,4478402751301993,Tue Mar 03 14:44:43 +0800 2020,发表一点小小的看法，只对这首歌，前面开头还好，但是后面高音我觉得彪的莫名其妙的，耳朵听得有点疼，不太喜欢（个人看法）,1,36,False,3281557601,可能是条鱼鱼,f,97,248,333,,青春本就是马不停蹄的相遇与错过,0
4478152153390967,4478451589307184,Tue Mar 03 17:58:46 +0800 2020,带着耳机听音乐！就像读课文一样没有一点感情在里面！怎么能晋级！,3,18,False,5393585409,冯嘉焓凯,m,11,6,20,,,0
4478152153390967,4478178276219312,Mon Mar 02 23:52:43 +0800 2020,服装差评,0,10,False,1085827415,卡布卡布hin奇喵,m,3914,141,374,,求仙问卜，不如自己做主。        求神问佛，不如自己琢磨。          最爱你的还是糖果🍬。,3
4478152153390967,4478417149985141,Tue Mar 03 15:41:55 +0800 2020,人家才这个年龄，已经唱的很好了，为什么这多人有偏见,0,13,False,5854491563,潭诺尘,m,70,186,362,,骄傲来自浅薄，狂妄出于无知。,5
4478152153390967,4478158377807231,Mon Mar 02 22:33:39 +0800 2020,这高音飙得厉害了👍,0,11,False,3733208715,采心2013_28581,f,1380,95,98,,爱追逐，想幸福…～,0
4478152153390967,4478158948367840,Mon Mar 02 22:35:55 +0800 2020,是路人，但是觉得小姐姐唱的真的好听,0,23,False,5400783019,心如没有鱼,f,250,74,22,,感谢你回到人世间,1
4478152153390967,4478291744671791,Tue Mar 03 07:23:36 +0800 2020,黄霄云，我爱你,0,13,False,6520323450,LZ艾克斯,m,290,209,7,,,1
4478152153390967,4478177889848154,Mon Mar 02 23:51:12 +0800 2020,嗓音独特,0,2,False,1085827415,卡布卡布hin奇喵,m,3914,141,374,,求仙问卜，不如自己做主。        求神问佛，不如自己琢磨。          最爱你的还是糖果🍬。,3
4478152153390967,4478435496045058,Tue Mar 03 16:54:49 +0800 2020,矮胖矮胖的,0,3,False,6223047268,山野沐青,m,32,41,7,,,0
4478152153390967,4478331066454408,Tue Mar 03 09:59:52 +0800 2020,喷子真多，别人也很厉害好吧,0,8,False,6031101628,一座城心之所向,m,46,51,151,,每个人都有不一样的人生，特殊而美好,0
4478152153390967,4478469897220291,Tue Mar 03 19:11:32 +0800 2020,说实话高音那一下，吓到我了,0,4,False,6643954537,笑出鹅叫up,m,187,167,38,,普通人,0
4478152153390967,4478475409287507,Tue Mar 03 19:33:26 +0800 2020,手臂真粗,0,3,False,5628161362,JiAnGzHiQiAo597,f,48,44,1745,,已婚少女🙃,1
4478152153390967,4478469419649011,Tue Mar 03 19:09:37 +0800 2020,路人觉得蛮好听的啊，人有技可炫为什么不让炫,0,5,False,1712461090,懒羊羊殿下,f,2797,358,511,,从前有一只很懒的羊，她的名字叫殿下，然后。。。就没有然后了。。。,0
4478152153390967,4478435135231522,Tue Mar 03 16:53:24 +0800 2020,太油了,0,3,False,6223047268,山野沐青,m,32,41,7,,,0
4478152153390967,4478163461560133,Mon Mar 02 22:53:52 +0800 2020,好声音那个女孩吧,0,5,False,1825003663,至高之光·亚利艾尔,m,10606,549,1389,娱乐博主,追星爱豆【Gfriend黄恩妃】【 Gfriend崔俞娜】【 古力娜扎·拜合提亚尔】【SNH48鞠婧祎】,4
4478152153390967,4478157014484855,Mon Mar 02 22:28:14 +0800 2020,声音有些像杨丞琳,1,2,False,2002977260,王樊尚,m,5528,386,686,,热爱生活,0
4478152153390967,4478152769802171,Mon Mar 02 22:11:23 +0800 2020,我觉得挺好听的，加油！相信自己🌹 🌹,0,10,False,6465236112,诺拉夜阑,f,1,137,3,,,0
4478152153390967,4478645445896651,Wed Mar 04 06:49:05 +0800 2020,厉害,0,0,False,1310277867,dsadfkonme,m,2166,1075,563,,,0
4478148529387439,4478150790836803,Mon Mar 02 22:03:31 +0800 2020,ddddd,0,0,False,7329214351,何糯糯最可爱-,f,1538,178,1301,,一颗韭菜,2
4478148529387439,4478149800478997,Mon Mar 02 21:59:34 +0800 2020,🍳 R1SE门面何洛洛 🎈00后男明星带货总榜8次Top🥇脆脆鲨雀巢威化首席品鉴官食品类品牌代言效果Top🥇🎈 FILA潮流体验官服装类品牌效果Top2🎈Calvin Klein双十一助愿官热销榜单独揽Top1Top2🎈首封《精品购物指南》上线60s销量破万👑暴风成长，未来可期🍳 @R1SE-何洛洛,0,0,False,5632009683,在我这里你可以任性,m,11510,481,12328,何洛洛超话粉丝大咖,星河璀璨镶了钻,3
4478148529387439,4478149716479260,Mon Mar 02 21:59:15 +0800 2020,✨✨✨🐳🐳✨✨✨🐳🐳✨✨✨  ✨✨🐳🐳🐳🐳👑🐳🐳🐳🐳✨✨  ✨✨🐳🐳R1SE 唯一门面🐳🐳✨✨ ✨✨✨🐳@R1SE-何洛洛🐳✨✨✨ ✨✨✨✨🐳  何洛洛 🐳✨✨✨✨ ✨✨✨✨✨🐳🐳🐳✨✨✨✨✨  ✨✨✨✨✨✨🐳✨✨✨✨✨✨[/cp],0,0,False,6140665888,宁哥今天翻我了吗_,f,2513,451,396,徐一宁的小花园超话主持人 问答答主,ʚ 只爱小洛 ɞ,2
4478148529387439,4478149708375242,Mon Mar 02 21:59:13 +0800 2020,🍟 🔆 ✨ 👑 R1SE唯一门面何洛洛👑 ✨ 🍒 🔆 🍟 薯片少年何洛洛👑 ✨ 🍒 🔆 🍟 宠鞋狂魔何洛洛 🍒 🔆 🍟 双面迷魂何洛洛✨ 🍒 🔆  🍥 👑 🍥 何洛洛🍥 👑 🍥 何洛洛🍥 👑 🍥 何洛洛🍥@R1SE-何洛洛,0,0,False,6020326524,一颗橙子酱呀,f,2596,466,22806,何糯糯的虾仁炒蛋超话小主持人,山河远阔，人间烟火💙,4
4478148529387439,4478149427423114,Mon Mar 02 21:58:05 +0800 2020,🍳 R1SE门面何洛洛 🎈00后男明星带货总榜8次Top🥇脆脆鲨雀巢威化首席品鉴官食品类品牌代言效果Top🥇🎈 FILA潮流体验官服装类品牌效果Top2🎈Calvin Klein双十一助愿官热销榜单独揽Top1Top2🎈首封《精品购物指南》上线60s销量破万👑暴风成长，未来可期🍳 @R1SE-何洛洛,0,0,False,5953793033,Lemon0504xyn,f,2127,443,114009,问答答主,(づ◡ど),3
4478148529387439,4478149167263798,Mon Mar 02 21:57:03 +0800 2020,✨✨✨♥️♥️✨✨✨♥️♥️✨✨✨ ✨✨♥️♥️♥️♥️🌟♥️♥️♥️♥️✨✨  ✨✨♥️♥️唯一门面 ♥️♥️✨✨  ✨✨✨♥️@R1SE-何洛洛♥️✨✨✨ ✨✨✨✨♥️  何洛洛 ♥️✨✨✨✨ ✨✨✨✨✨♥️♥️♥️✨✨✨✨✨ ✨✨✨✨✨✨♥️✨✨✨✨✨✨,0,0,False,5530666679,心动星酱i,f,8469,601,11369,问答答主,我爱的人他真诚善良，积极向上,4
4478148529387439,4478148790359534,Mon Mar 02 21:55:34 +0800 2020,✨✨✨❄️❄️✨✨✨❄️❄️✨✨✨ ✨✨❄️❄️❄️❄️👑❄️❄️❄️❄️✨✨ ✨✨❄️❄️R1SE 唯一门面❄️❄️✨✨ ✨✨✨❄️@R1SE-何洛洛❄️✨✨✨ ✨✨✨✨❄️  何洛洛 ❄️✨✨✨✨ ✨✨✨✨✨❄️❄️❄️✨✨✨✨✨  ✨✨✨✨✨✨❄️✨✨✨✨✨,0,0,False,5463405216,小路居居饼,f,4316,581,10863,问答答主,,3
4478148529387439,4478148718209228,Mon Mar 02 21:55:17 +0800 2020,希望大家多多艾特@R1SE-何洛洛 有事没事都艾特@R1SE-何洛洛 或者转赞最近30天的wb，他@R1SE-何洛洛 互动量变低了虽然是@R1SE-何洛洛 自己不发微博造成的，但是作为@R1SE-何洛洛 的女朋友还是要@R1SE-何洛洛 ,0,0,False,5869609406,星何邮递员,f,1416,754,13098,边伯贤超话粉丝大咖,²⁰⁰¹ ₀₅. ₀₄ H̶ L̶ L̶💫,4
4478148529387439,4478148697147602,Mon Mar 02 21:55:12 +0800 2020,✨✨✨❄️❄️✨✨✨❄️❄️✨✨✨ ✨✨❄️❄️❄️❄️👑❄️❄️❄️❄️✨✨ ✨✨❄️❄️R1SE 唯一门面❄️❄️✨✨ ✨✨✨❄️@R1SE-何洛洛❄️✨✨✨ ✨✨✨✨❄️  何洛洛 ❄️✨✨✨✨ ✨✨✨✨✨❄️❄️❄️✨✨✨✨✨  ✨✨✨✨✨✨❄️✨✨✨✨✨,0,0,False,3321691092,洛哥的粉红豹,f,5900,448,11643,,先沉稳 后爱人,3
4478148529387439,4478148677171824,Mon Mar 02 21:55:07 +0800 2020,以热爱祖国为荣，以危害祖国为耻。  以服务人民为荣，以背离人民为耻。  以崇尚科学为荣，以愚昧无知为耻。  以辛勤劳动为荣，以好逸恶劳为耻。  以团结互助为荣，以损人利己为耻。  以诚实守信为荣，以见利忘义为耻。  以遵纪守法为荣，以违法乱纪为耻。 ,0,0,False,6064020273,·sspldsyyan-宁·,f,4232,226,1377,赫萝超话小主持人,所有故事不会只拥有表象✨,2
4478148529387439,4478148656113780,Mon Mar 02 21:55:02 +0800 2020,👿R1SE门面担当何洛洛👻🍳👿双面迷魂👻🍳👿R1SE门面担当何洛洛👻🍳👿人间甜豆👻🍳👿R1SE门面担当何洛洛👻🍳👿元气满满👻🍳👿R1SE门面担当何洛洛👻🍳👿厨艺担当👻🍳👿R1SE门面担当何洛洛👻🍳👿宠鞋狂魔👻🍳,0,0,False,6632811051,·银河咕叽星·,f,2859,434,11651,,这座乐园不打烊,3
4478148529387439,4478148635044040,Mon Mar 02 21:54:55 +0800 2020,✨ 🌈  唯一门面何洛洛 🌈 ✨ 💝 🏹 🌟 🌈 ✨ 生图杀手何洛洛🌈 ✨💝 🏹 元气满满何洛洛🏹 💝✨ 🌈 人间甜豆何洛洛🌈 ✨💝 🏹  🌈 ✨ 唱跳俱佳何洛洛🌈 ✨💝 🏹 何洛洛✨ 🌈✨💝✨,0,0,False,6584948497,·酸奶疙瘩也好吃·,f,5755,517,10620,新鲜事作者 问答答主,佛系追星，很容易暴躁！,3
4478148529387439,4478149939279372,Mon Mar 02 22:00:08 +0800 2020,何洛洛帅，何洛洛好看，何洛洛可爱，何洛洛未来可期@R1SE-何洛洛,0,0,False,5977804194,光斑跳跃,f,3372,315,1373,何以解忧唯有洛洛超话小主持人,未来该有多酷,3
4478148529387439,4478149922233932,Mon Mar 02 22:00:04 +0800 2020,何洛洛@R1SE-何洛洛,0,0,False,5020953832,来自南极的鱼ice,f,4881,574,1344,insdaily超话主持人,何洛出圈预定,3
4478148529387439,4478149804788125,Mon Mar 02 21:59:36 +0800 2020,🍳R1SE门面担当何洛洛🍳脆脆鲨首席品鉴官🍳doki年度新势力🍳FILA潮流体验官🍳Fendi春夏男士系列新品发售会夺目亮相🍳麦吉丽护肤系列青春代言人🍳康师傅冰红茶燃战队代言人🍳必胜客牛人联盟🍳Calvin Klein双十一助愿官🍳@R1SE-何洛洛,0,0,False,6035803816,w岚瑟,f,2205,127,1176,赫萝哥哥的薯片超话主持人,人民有信仰，国家有力量，民族有希望。,3
4478148529387439,4478149364660064,Mon Mar 02 21:57:51 +0800 2020,🍳R1SE门面担当何洛洛🍳脆脆鲨首席品鉴官🍳doki年度新势力🍳FILA潮流体验官🍳Fendi春夏男士系列新品发售会夺目亮相🍳麦吉丽护肤系列青春代言人🍳康师傅冰红茶燃战队代言人🍳必胜客牛人联盟🍳Calvin Klein双十一助愿官🍳@R1SE-何洛洛,0,0,False,5949606804,宁一零五零四,m,2918,262,127,,热爱,3
4478148529387439,4478148773360328,Mon Mar 02 21:55:29 +0800 2020,✨✨✨♥️♥️✨✨✨♥️♥️✨✨✨ ✨✨♥️♥️♥️♥️🌟♥️♥️♥️♥️✨✨  ✨✨♥️♥️唯一门面 ♥️♥️✨✨  ✨✨✨♥️@R1SE-何洛洛♥️✨✨✨ ✨✨✨✨♥️  何洛洛 ♥️✨✨✨✨ ✨✨✨✨✨♥️♥️♥️✨✨✨✨✨ ✨✨✨✨✨✨♥️✨✨✨✨✨✨,0,0,False,7154162429,新宁茶茶,f,4209,607,271,,唯爱洛洛，陪我的小朋友长大,3
4478148529387439,4478151294148098,Mon Mar 02 22:05:31 +0800 2020,🍳何洛洛跟镜头请假🍳何洛洛 我们也不辜负你🍳何洛洛 r1se巡回演唱会🍳何洛洛 徐一宁🍳何洛洛你才18岁🍳何洛洛 十一少年的秋天🍳何洛洛 生图必须拥有姓名🍳何洛洛 游戏搞笑buff🍳何洛洛 元气满满正能量🍳何洛洛 掷地有声的青春🍳何洛洛 雀巢威化首席品鉴官🍳,0,0,False,6898662814,慕小十,f,666,91,81,,“你负责做梦，我们负责陪你疯”,1
4478148529387439,4478149204936149,Mon Mar 02 21:57:12 +0800 2020,希望大家多多艾特@R1SE-何洛洛 有事没事都艾特@R1SE-何洛洛 或者转赞最近30天的wb，他@R1SE-何洛洛 互动量变低了虽然是@R1SE-何洛洛 自己不发微博造成的，但是作为@R1SE-何洛洛 的女朋友还是要@R1SE-何洛洛 ,0,0,False,7095985361,人间烟火爱吃鱼,m,4894,128,2275,,冷漠网友 变态辣,1
4478148529387439,4478148664523602,Mon Mar 02 21:55:03 +0800 2020,希望大家多多艾特@R1SE-何洛洛 有事没事都艾特@R1SE-何洛洛 或者转赞最近30天的wb，他@R1SE-何洛洛 互动量变低了虽然是@R1SE-何洛洛 自己不发微博造成的，但是作为@R1SE-何洛洛 的女朋友还是要@R1SE-何洛洛 ,0,0,False,6025484150,没有名字的有名氏,f,349,313,42,,被物理折磨到快秃头的文科党,0
4478148277899122,4478494715553449,Tue Mar 03 20:50:08 +0800 2020,哪吒,0,0,False,3464116312,世间多烦恼倒是多忧愁,m,646,205,154,,一生很长  长到失去所有    一生很短   短到无法拥有,0
4478148277899122,4478200895864675,Tue Mar 03 01:22:37 +0800 2020,一个字，充，,0,0,False,6395088915,安安又土,m,60,8,15,,看看这美好的世界,2
4478145820380367,4478365190751193,Tue Mar 03 12:15:28 +0800 2020,现在是越来越美,0,0,False,6717733300,南方有鱼呀,m,42,247,65,,声音好听,0
4478145820380367,4478172206804668,Mon Mar 02 23:28:36 +0800 2020,艺考 ？  学什么,0,0,False,5907217070,灰满落叶,m,240,309,189,,喜欢上她 才会喜欢上她,0
4478145287767269,4478432097967837,Tue Mar 03 16:41:19 +0800 2020,对！！姐妹你真的概括说出来为什么我感觉哪里都不对劲了！,1,0,False,2957972310,鳗鱼吖九,f,302,413,45,,严重拖延症晚期患者,0
4478143543176131,4478143672775185,Mon Mar 02 21:35:14 +0800 2020,🍳何洛洛跟镜头请假🍳何洛洛 我们也不辜负你🍳何洛洛 r1se巡回演唱会🍳何洛洛 徐一宁🍳何洛洛你才18岁🍳何洛洛 十一少年的秋天🍳何洛洛 生图必须拥有姓名🍳何洛洛 游戏搞笑buff🍳何洛洛 元气满满正能量🍳何洛洛 掷地有声的青春🍳何洛洛 雀巢威化首席品鉴官🍳,0,0,False,5667003547,贝贝的洛洛19岁生日快乐,f,2108,421,1305,是洛洛的糯米糍吖超话小主持人,我永远的小朋友,3
4478143543176131,4478145341731299,Mon Mar 02 21:41:51 +0800 2020,何洛洛【我们的何洛洛专属小尾巴💫@R1SE-何洛洛,0,0,False,6304677918,清欢渡酒·,f,2307,257,1186,问答答主,追星女孩（高三党）,1
4478143543176131,4478150492796898,Mon Mar 02 22:02:20 +0800 2020,何洛洛帅，何洛洛好看，何洛洛可爱，何洛洛未来可期@R1SE-何洛洛,0,0,False,5977804194,光斑跳跃,f,3372,315,1373,何以解忧唯有洛洛超话小主持人,未来该有多酷,3
4478143543176131,4478145429927073,Mon Mar 02 21:42:13 +0800 2020,🍟 🔆 ✨ 👑 R1SE唯一门面何洛洛👑 ✨ 🍒 🔆 🍟 薯片少年何洛洛👑 ✨ 🍒 🔆 🍟 宠鞋狂魔何洛洛 🍒 🔆 🍟 双面迷魂何洛洛✨ 🍒 🔆  🍥 👑 🍥 何洛洛🍥 👑 🍥 何洛洛🍥 👑 🍥 何洛洛🍥@R1SE-何洛洛,0,0,False,5647691648,GODDESSBOM,f,3021,371,156,,洛洛,2
4478143543176131,4478145338348307,Mon Mar 02 21:41:51 +0800 2020,🍟 🔆  ✨ 👑 唯一门面何洛洛👑 ✨ 🍒 🔆 🍟 薯片少年何洛洛👑 ✨ 🍒 🔆 🍟 宠鞋狂魔何洛洛 🍒 🔆 🍟 双面迷魂何洛洛✨ 🍒 🔆   🍥 👑 🍥 何洛洛🍥 👑 🍥 何洛洛🍥 👑 🍥 何洛洛🍥@R1SE-何洛洛,0,0,False,6003807809,糯糯喜欢粉红豹,f,3459,486,235,糯米糍的AJ11超话小主持人,何洛洛的糯米糍,2
4478143543176131,4478145262771519,Mon Mar 02 21:41:33 +0800 2020,✨✨✨🔷🔷✨✨✨🔷🔷✨✨✨ ✨✨🔷🔷🔷🔷👑🔷🔷🔷🔷✨✨ ✨✨🔷🔷R1SE 唯一门面🔷🔷✨✨ ✨✨✨🔷@R1SE-何洛洛🔷✨✨✨ ✨✨✨✨🔷  何洛洛 🔷✨✨✨✨ ✨✨✨✨✨🔷🔷🔷✨✨✨✨✨  ✨✨✨✨✨✨🔷✨✨✨✨✨⭐,0,0,False,6632811051,·银河咕叽星·,f,2859,434,11651,,这座乐园不打烊,3
4478143543176131,4478145137003306,Mon Mar 02 21:41:03 +0800 2020,✨✨✨♥️♥️✨✨✨♥️♥️✨✨✨ ✨✨♥️♥️♥️♥️🌟♥️♥️♥️♥️✨✨  ✨✨♥️♥️唯一门面 ♥️♥️✨✨  ✨✨✨♥️@R1SE-何洛洛♥️✨✨✨ ✨✨✨✨♥️  何洛洛 ♥️✨✨✨✨ ✨✨✨✨✨♥️♥️♥️✨✨✨✨✨ ✨✨✨✨✨✨♥️✨✨✨✨✨✨,0,0,False,5463405216,小路居居饼,f,4316,581,10863,问答答主,,3
4478143543176131,4478144847701860,Mon Mar 02 21:39:54 +0800 2020,Everything comes to him who waits,0,0,False,3874987782,缓缓让我,f,6586,543,11939,微博剪辑视频博主,“In your eyes I can see an eternity”,3
4478143543176131,4478144234844037,Mon Mar 02 21:37:27 +0800 2020,🎶 ☁🎷  🎶 ☁ 🎷 🎶 ☁ 🎷 🎶 ☁ 🎷 🎶 ☁🎷🎶 ☁ 只做你🎶 一个人的🎶 小朋友☁ 🎶 🎷 ☁ 🎶 何洛洛✨@R1SE-何洛洛 ☁ 🎷 🎶☁ 🎷 🎶 ☁ 🎷 🎶 ☁ 🎷 🎶 ☁ 🎷 🎶 ☁ 🎷,0,0,False,5176596751,又想改名了-,f,3316,211,138,,暂无简介,2
4478143543176131,4478144230321822,Mon Mar 02 21:37:27 +0800 2020,何洛洛@R1SE-何洛洛,0,0,False,5020953832,来自南极的鱼ice,f,4881,574,1344,insdaily超话主持人,何洛出圈预定,3
4478143543176131,4478143987135655,Mon Mar 02 21:36:28 +0800 2020,🍟 🔆 ✨ 👑 R1SE唯一门面何洛洛👑 ✨ 🍒 🔆 🍟 薯片少年何洛洛👑 ✨ 🍒 🔆 🍟 宠鞋狂魔何洛洛 🍒 🔆 🍟 双面迷魂何洛洛✨ 🍒 🔆  🍥 👑 🍥 何洛洛🍥 👑 🍥 何洛洛🍥 👑 🍥 何洛洛🍥@R1SE-何洛洛,0,0,False,7233305915,草莓樱花芝士味,f,62,96,13,,每天都要快快洛洛(｡･ω･｡)ﾉ,1
4478143543176131,4478143815267738,Mon Mar 02 21:35:47 +0800 2020,🍳R1SE门面担当何洛洛🍳脆脆鲨首席品鉴官🍳doki年度新势力🍳FILA潮流体验官🍳Fendi春夏男士系列新品发售会夺目亮相🍳麦吉丽护肤系列青春代言人🍳康师傅冰红茶燃战队代言人🍳必胜客牛人联盟🍳Calvin Klein双十一助愿官🍳@R1SE-何洛洛,0,0,False,7059807348,杉何可见,f,6954,859,103712,视频博主 何洛洛超话粉丝大咖,恐丑,3
4478143543176131,4478143722822896,Mon Mar 02 21:35:25 +0800 2020,🍳 R1SE门面何洛洛 🎈00后男明星带货总榜8次Top🥇脆脆鲨雀巢威化首席品鉴官食品类品牌代言效果Top🥇🎈 FILA潮流体验官服装类品牌效果Top2🎈Calvin Klein双十一助愿官热销榜单独揽Top1Top2🎈首封《精品购物指南》上线60s销量破万👑暴风成长，未来可期🍳 @R1SE-何洛洛 ,0,0,False,6606442854,苗秒喵,m,237,59,553,,以后的路一起走吧,2
4478143543176131,4478143652218359,Mon Mar 02 21:35:08 +0800 2020,🍳R1SE门面担当何洛洛🍳脆脆鲨首席品鉴官🍳doki年度新势力🍳FILA潮流体验官🍳Fendi春夏男士系列新品发售会夺目亮相🍳麦吉丽护肤系列青春代言人🍳康师傅冰红茶燃战队代言人🍳必胜客牛人联盟🍳Calvin Klein双十一助愿官🍳@R1SE-何洛洛,0,0,False,6035803816,w岚瑟,f,2205,127,1176,赫萝哥哥的薯片超话主持人,人民有信仰，国家有力量，民族有希望。,3
4478143543176131,4478143622984706,Mon Mar 02 21:35:02 +0800 2020,👑👑👑👑👑👑👑👑👑👑👑👑👑👑  🍬🍬🍬✨R1SE门面何洛洛✨🎐🎐🎐    🎐🎐🎐✨ 养成系超甜爱豆 ✨🍬🍬🍬   🍬🍬🍬✨ 运动风男神校草✨🎐🎐🎐   👑👑👑👑👑👑👑👑👑👑👑👑👑👑,0,0,False,3837033256,老花眼镜看不清,f,5700,290,47,,颜狗,4
4478143543176131,4478145459461838,Mon Mar 02 21:42:20 +0800 2020,🍳何洛洛跟镜头请假🍳何洛洛 我们也不辜负你🍳何洛洛 r1se巡回演唱会🍳何洛洛 徐一宁🍳何洛洛你才18岁🍳何洛洛 十一少年的秋天🍳何洛洛 生图必须拥有姓名🍳何洛洛 游戏搞笑buff🍳何洛洛 元气满满正能量🍳何洛洛 掷地有声的青春🍳何洛洛 雀巢威化首席品鉴官🍳,0,0,False,6898662814,慕小十,f,666,91,81,,“你负责做梦，我们负责陪你疯”,1
4478143543176131,4478144394779932,Mon Mar 02 21:38:06 +0800 2020,小猪佩奇我配你@R1SE-何洛洛,0,0,False,5979250155,簪缨云罗,f,103,133,28,,,1
4478143543176131,4478144235204745,Mon Mar 02 21:37:28 +0800 2020,🍟 🔆  ✨ 👑 唯一门面何洛洛👑 ✨ 🍒 🔆 🍟 薯片少年何洛洛👑 ✨ 🍒 🔆 🍟 宠鞋狂魔何洛洛 🍒 🔆 🍟 双面迷魂何洛洛✨ 🍒 🔆   🍥 👑 🍥 何洛洛🍥 👑 🍥 何洛洛🍥 👑 🍥 何洛洛🍥@R1SE-何洛洛,0,0,False,6629657820,你眼里有星星0504,m,159,233,73,,人生下来不是为了抱着锁链，而是为了解开双翼；不要再有爬行的人类。我要幼虫化成蝴蝶，我要蚯蚓变成活的花朵，而且飞舞起来。,0
4478143543176131,4478144150559527,Mon Mar 02 21:37:07 +0800 2020,🎶 ☁🎷  🎶 ☁ 🎷 🎶 ☁ 🎷 🎶 ☁ 🎷 🎶 ☁🎷🎶 ☁ 只做你🎶 一个人的🎶 小朋友☁ 🎶 🎷 ☁ 🎶 何洛洛✨@R1SE-何洛洛 ☁ 🎷 🎶☁ 🎷 🎶 ☁ 🎷 🎶 ☁ 🎷 🎶 ☁ 🎷 🎶 ☁ 🎷,0,0,False,7313905385,宁哥家的巴达兽,f,627,103,1206,,这个世界太疯狂,0
4478143543176131,4478143744310046,Mon Mar 02 21:35:31 +0800 2020,👑👑👑👑👑👑👑👑👑👑👑👑👑👑  🍬🍬🍬✨R1SE门面何洛洛✨🎐🎐🎐    🎐🎐🎐✨ 养成系超甜爱豆 ✨🍬🍬🍬   🍬🍬🍬✨ 运动风男神校草✨🎐🎐🎐   👑👑👑👑👑👑👑👑👑👑👑👑👑👑,0,0,False,6025484150,没有名字的有名氏,f,349,313,42,,被物理折磨到快秃头的文科党,0
4478142766969930,4478148592700361,Mon Mar 02 21:54:47 +0800 2020,🍟 🔆  ✨ 👑 唯一门面何洛洛👑 ✨ 🍒 🔆 🍟 薯片少年何洛洛👑 ✨ 🍒 🔆 🍟 宠鞋狂魔何洛洛 🍒 🔆 🍟 双面迷魂何洛洛✨ 🍒 🔆   🍥 👑 🍥 何洛洛🍥 👑 🍥 何洛洛🍥 👑 🍥 何洛洛🍥,0,0,False,7187593962,爱吃火锅的蛋糕,f,5672,399,13298,新鲜事作者 何洛洛超话粉丝大咖 问答答主,何洛洛 未来一起走💙,3
4478142766969930,4478145312507311,Mon Mar 02 21:41:44 +0800 2020,⚪⚪⚪👿👿⚪⚪⚪👿👿⚪⚪⚪        ⚪⚪👿👿👿👿👑👿👿👿👿⚪⚪        ⚪⚪👿  天生爱豆 实力门面 👿⚪⚪        ⚪⚪⚪👿@R1SE-何洛洛👿⚪⚪⚪ ⚪⚪⚪⚪👿  何洛洛  👿⚪⚪⚪⚪ ⚪⚪⚪⚪⚪👿👿👿⚪⚪⚪⚪⚪ ⚪⚪⚪⚪⚪⚪👿⚪⚪⚪⚪⚪⚪,0,0,False,6540414690,小何才露尖尖角0504,f,5590,758,10606,糯米糍的小窝超话小主持人,我儿子@R1SE-何洛洛 乖巧懂事又努力的小朋友，愿未来光芒万丈，每天都开开心心,3
4478142766969930,4478145249605229,Mon Mar 02 21:41:30 +0800 2020,✨✨✨♥️♥️✨✨✨♥️♥️✨✨✨ ✨✨♥️♥️♥️♥️🌟♥️♥️♥️♥️✨✨  ✨✨♥️♥️唯一门面 ♥️♥️✨✨  ✨✨✨♥️@R1SE-何洛洛♥️✨✨✨ ✨✨✨✨♥️  何洛洛 ♥️✨✨✨✨ ✨✨✨✨✨♥️♥️♥️✨✨✨✨✨ ✨✨✨✨✨✨♥️✨✨✨✨✨✨,0,0,False,5463405216,小路居居饼,f,4316,581,10863,问答答主,,3
4478142766969930,4478144645474095,Mon Mar 02 21:39:05 +0800 2020,努力是一种生活态度，无论什么时候，温暖你，感动你的，不是励志语录心灵鸡汤，也不是情感语录故事，而是充满正能量的你自己。 努力让自己成为一个真正的自己。幸福的日子,0,0,False,3874987782,缓缓让我,f,6586,543,11939,微博剪辑视频博主,“In your eyes I can see an eternity”,3
4478142766969930,4478144045833076,Mon Mar 02 21:36:43 +0800 2020,🍟 🔆 ✨ 👑 R1SE唯一门面何洛洛👑 ✨ 🍒 🔆 🍟 薯片少年何洛洛👑 ✨ 🍒 🔆 🍟 宠鞋狂魔何洛洛 🍒 🔆 🍟 双面迷魂何洛洛✨ 🍒 🔆  🍥 👑 🍥 何洛洛🍥 👑 🍥 何洛洛🍥 👑 🍥 何洛洛🍥@R1SE-何洛洛,0,0,False,6041588532,北木南的孤独,f,1360,521,11053,何洛洛超话粉丝大咖,不争不抢  随遇而安 粉何洛洛,4
4478142766969930,4478143257637748,Mon Mar 02 21:33:35 +0800 2020,⚪⚪⚪👿👿⚪⚪⚪👿👿⚪⚪⚪        ⚪⚪👿👿👿👿👑👿👿👿👿⚪⚪        ⚪⚪👿  天生爱豆 实力门面 👿⚪⚪        ⚪⚪⚪👿@R1SE-何洛洛👿⚪⚪⚪ ⚪⚪⚪⚪👿  何洛洛  👿⚪⚪⚪⚪ ⚪⚪⚪⚪⚪👿👿👿⚪⚪⚪⚪⚪ ⚪⚪⚪⚪⚪⚪👿⚪⚪⚪⚪⚪⚪,0,0,False,6357817413,洛桥·,f,2112,444,14258,洛言洛语超话小主持人,人世间有百媚千红，唯独你是我情之所钟,3
4478142766969930,4478150392600349,Mon Mar 02 22:01:56 +0800 2020,何洛洛帅，何洛洛好看，何洛洛可爱，何洛洛未来可期@R1SE-何洛洛,0,0,False,5977804194,光斑跳跃,f,3372,315,1373,何以解忧唯有洛洛超话小主持人,未来该有多酷,3
4478142766969930,4478146042969877,Mon Mar 02 21:44:39 +0800 2020,🍳 R1SE门面何洛洛 🎈00后男明星带货总榜8次Top🥇脆脆鲨雀巢威化首席品鉴官食品类品牌代言效果Top🥇🎈 FILA潮流体验官服装类品牌效果Top2🎈Calvin Klein双十一助愿官热销榜单独揽Top1Top2🎈首封《精品购物指南》上线60s销量破万👑暴风成长，未来可期🍳 @R1SE-何洛洛 ,0,0,False,7106084967,-Fionall,f,1936,248,240,永不打烊乐园超话小主持人,陪小男孩长大,2
4478142766969930,4478145275146989,Mon Mar 02 21:41:35 +0800 2020,🍟 🔆 ✨ 👑 R1SE唯一门面何洛洛👑 ✨ 🍒 🔆 🍟 薯片少年何洛洛👑 ✨ 🍒 🔆 🍟 宠鞋狂魔何洛洛 🍒 🔆 🍟 双面迷魂何洛洛✨ 🍒 🔆  🍥 👑 🍥 何洛洛🍥 👑 🍥 何洛洛🍥 👑 🍥 何洛洛🍥@R1SE-何洛洛,0,0,False,5647691648,GODDESSBOM,f,3021,371,156,,洛洛,2
4478142766969930,4478145057481810,Mon Mar 02 21:40:43 +0800 2020,👑👑👑👑👑👑👑👑👑👑👑👑👑👑  🍬🍬🍬✨R1SE门面何洛洛✨🎐🎐🎐    🎐🎐🎐✨ 养成系超甜爱豆 ✨🍬🍬🍬   🍬🍬🍬✨ 运动风男神校草✨🎐🎐🎐   👑👑👑👑👑👑👑👑👑👑👑👑👑👑,0,0,False,6035803816,w岚瑟,f,2205,127,1176,赫萝哥哥的薯片超话主持人,人民有信仰，国家有力量，民族有希望。,3
4478142766969930,4478145040153131,Mon Mar 02 21:40:40 +0800 2020,🍟 🔆  ✨ 👑 唯一门面何洛洛👑 ✨ 🍒 🔆 🍟 薯片少年何洛洛👑 ✨ 🍒 🔆 🍟 宠鞋狂魔何洛洛 🍒 🔆 🍟 双面迷魂何洛洛✨ 🍒 🔆   🍥 👑 🍥 何洛洛🍥 👑 🍥 何洛洛🍥 👑 🍥 何洛洛🍥@R1SE-何洛洛,0,0,False,6003807809,糯糯喜欢粉红豹,f,3459,486,235,糯米糍的AJ11超话小主持人,何洛洛的糯米糍,2
4478142766969930,4478145023682344,Mon Mar 02 21:40:35 +0800 2020,🍳 R1SE门面何洛洛 🎈00后男明星带货总榜8次Top🥇脆脆鲨雀巢威化首席品鉴官食品类品牌代言效果Top🥇🎈 FILA潮流体验官服装类品牌效果Top2🎈Calvin Klein双十一助愿官热销榜单独揽Top1Top2🎈首封《精品购物指南》上线60s销量破万👑暴风成长，未来可期🍳 @R1SE-何洛洛 ,0,0,False,5692034842,一上线就话唠的yeon,f,6278,215,13653,娱乐博主,人类的本质是颜狗,6
4478142766969930,4478144688238678,Mon Mar 02 21:39:15 +0800 2020,✨✨✨❄️❄️✨✨✨❄️❄️✨✨✨ ✨✨❄️❄️❄️❄️👑❄️❄️❄️❄️✨✨ ✨✨❄️❄️R1SE  唯一门面❄️❄️✨✨ ✨✨✨❄️@R1SE-何洛洛❄️✨✨✨ ✨✨✨✨❄️  何洛洛 ❄️✨✨✨✨ ✨✨✨✨✨❄️❄️❄️✨✨✨✨✨  ✨✨✨✨✨✨❄️✨✨✨✨✨✨,0,0,False,5224124226,亲爱的粉姐,f,4143,424,1228,我的小朋友超棒超话小主持人,不是夏日限定❤️,3
4478142766969930,4478144620470881,Mon Mar 02 21:38:59 +0800 2020,🍟 🔆 ✨ 👑 R1SE唯一门面何洛洛👑 ✨ 🍒 🔆 🍟 薯片少年何洛洛👑 ✨ 🍒 🔆 🍟 宠鞋狂魔何洛洛 🍒 🔆 🍟 双面迷魂何洛洛✨ 🍒 🔆  🍥 👑 🍥 何洛洛🍥 👑 🍥 何洛洛🍥 👑 🍥 何洛洛🍥@R1SE-何洛洛,0,0,False,7233305915,草莓樱花芝士味,f,62,96,13,,每天都要快快洛洛(｡･ω･｡)ﾉ,1
4478142766969930,4478144562275131,Mon Mar 02 21:38:46 +0800 2020,何洛洛人间甜豆 💨 👿 💨 👿 💨 👿 💨 💨 👿 💨  何洛洛双面迷魂 💨 👿 👿  👿 💨 👿 💨 💨 👿 💨  何洛洛实力门面 💨 👿 💨 👿 💨 👿  👿 💨 👿  👿,0,0,False,5667003547,贝贝的洛洛19岁生日快乐,f,2108,421,1305,是洛洛的糯米糍吖超话小主持人,我永远的小朋友,3
4478142766969930,4478144553338559,Mon Mar 02 21:38:44 +0800 2020,何洛洛@R1SE-何洛洛,0,0,False,5020953832,来自南极的鱼ice,f,4881,574,1344,insdaily超话主持人,何洛出圈预定,3
4478142766969930,4478144121838335,Mon Mar 02 21:37:00 +0800 2020,网页链接✨✨✨♥️♥️✨✨✨♥️♥️✨✨✨ ✨✨♥️♥️♥️♥️🌟♥️♥️♥️♥️✨✨  ✨✨♥️♥️唯一门面 ♥️♥️✨✨  ✨✨✨♥️@R1SE-何洛洛♥️✨✨✨ ✨✨✨✨♥️  何洛洛 ♥️✨✨✨✨ ✨✨✨✨✨♥️♥️♥️✨✨✨✨✨ ✨✨✨✨,0,0,False,7350594157,芋圆波波er,f,1859,664,90,,6625,1
4478142766969930,4478143425734095,Mon Mar 02 21:34:14 +0800 2020,✨ 🌈  唯一门面何洛洛 🌈 ✨ 💝 🏹 🌟 🌈 ✨ 生图杀手何洛洛🌈 ✨💝 🏹 元气满满何洛洛🏹 💝✨ 🌈 人间甜豆何洛洛🌈 ✨💝 🏹  🌈 ✨ 唱跳俱佳何洛洛🌈 ✨💝 🏹 何洛洛✨ 🌈✨💝✨,0,0,False,3837033256,老花眼镜看不清,f,5700,290,47,,颜狗,4
4478142766969930,4478143065038708,Mon Mar 02 21:32:49 +0800 2020,✨✨✨❄️❄️✨✨✨❄️❄️✨✨✨ ✨✨❄️❄️❄️❄️👑❄️❄️❄️❄️✨✨ ✨✨❄️❄️R1SE  唯一门面❄️❄️✨✨ ✨✨✨❄️@R1SE-何洛洛❄️✨✨✨ ✨✨✨✨❄️  何洛洛 ❄️✨✨✨✨ ✨✨✨✨✨❄️❄️❄️✨✨✨✨✨  ✨✨✨✨✨✨❄️✨✨✨✨✨✨,0,0,False,5176596751,又想改名了-,f,3316,211,138,,暂无简介,2
4478142766969930,4478144817418048,Mon Mar 02 21:39:46 +0800 2020,🍳R1SE门面担当何洛洛🍳脆脆鲨首席品鉴官🍳doki年度新势力🍳FILA潮流体验官🍳Fendi春夏男士系列新品发售会夺目亮相🍳麦吉丽护肤系列青春代言人🍳康师傅冰红茶燃战队代言人🍳必胜客牛人联盟🍳Calvin Klein双十一助愿官🍳@R1SE-何洛洛,0,0,False,6025484150,没有名字的有名氏,f,349,313,42,,被物理折磨到快秃头的文科党,0
4478142397592460,4478144100785110,Mon Mar 02 21:36:56 +0800 2020,后来呢,1,0,False,5273329520,一点点可爱多0507,f,4,6,1,,好好生活,0
4478142322484086,4478150681258546,Mon Mar 02 22:03:04 +0800 2020,何洛洛帅，何洛洛好看，何洛洛可爱，何洛洛未来可期@R1SE-何洛洛,0,0,False,5977804194,光斑跳跃,f,3372,315,1373,何以解忧唯有洛洛超话小主持人,未来该有多酷,3
4478142322484086,4478143353641114,Mon Mar 02 21:33:58 +0800 2020,🏹 💖 🏹 唱跳俱佳🏹 💓 🏹 元气爱豆🏹 💖 🏹  ✨ ✨ ✨ 暴风成长✨ ✨ 温柔绅士✨✨ ✨ ✨  🏹 💗 🏹 💗 🏹 💗 何洛洛 💗 🏹 💗 🏹 💗 🏹,0,0,False,7168371630,焦糖甜心奶糯,f,3902,447,2487,夏日晴空超话小主持人 问答答主,甜心超甜但没何洛洛甜🐰,2
4478142322484086,4478143337790533,Mon Mar 02 21:33:54 +0800 2020,何洛洛🐰🐰🐰何洛洛🍳🍳🍳何洛洛🐰🐰🐰何洛洛🍳🍳🍳何洛洛🐰🐰🐰何洛洛🍳🍳🍳 何洛洛🐰🐰🐰何洛洛🍳🍳🍳何洛洛🐰🐰🐰 何洛洛🍳🍳🍳何洛洛🐰🐰🐰何洛洛🍳🍳🍳,0,0,False,7168371630,焦糖甜心奶糯,f,3902,447,2487,夏日晴空超话小主持人 问答答主,甜心超甜但没何洛洛甜🐰,2
4478142322484086,4478142905453788,Mon Mar 02 21:32:11 +0800 2020,来啦,0,0,False,5880753241,student婷2016,f,1700,694,268,,我就是我，不一样的我,1
4478142322484086,4478142876230754,Mon Mar 02 21:32:03 +0800 2020,👑👑👑👑👑👑👑👑👑👑👑👑👑👑  🍬🍬🍬✨R1SE门面何洛洛✨🎐🎐🎐    🎐🎐🎐✨ 养成系超甜爱豆 ✨🍬🍬🍬   🍬🍬🍬✨ 运动风男神校草✨🎐🎐🎐   👑👑👑👑👑👑👑👑👑👑👑👑👑👑网页链接,0,0,False,2931147851,一抓一大把_,m,6556,770,66130,问答答主,全球娱乐圈洛毒唯,3
4478142322484086,4478142506660986,Mon Mar 02 21:30:36 +0800 2020,✨✨✨♥️♥️✨✨✨♥️♥️✨✨✨ ✨✨♥️♥️♥️♥️🌟♥️♥️♥️♥️✨✨  ✨✨♥️♥️唯一门面 ♥️♥️✨✨  ✨✨✨♥️@R1SE-何洛洛♥️✨✨✨ ✨✨✨✨♥️  何洛洛 ♥️✨✨✨✨ ✨✨✨✨✨♥️♥️♥️✨✨✨✨✨ ✨✨✨✨✨✨♥️✨✨✨✨✨✨,0,0,False,5463405216,小路居居饼,f,4316,581,10863,问答答主,,3
4478142322484086,4478142468984044,Mon Mar 02 21:30:27 +0800 2020,滴滴滴滴滴滴滴滴滴噔噔噔噔噔滴滴滴滴滴滴滴滴滴噔噔噔噔噔噔噔噔噔噔噔噔噔噔噔噔噔噔噔噔,0,0,False,6678854973,SUN-DAWN,f,1392,633,10360,徐你一世安宁洛超话小主持人,豆浆浆 油条条,1
4478142322484086,4478142519804132,Mon Mar 02 21:30:38 +0800 2020,🍳R1SE门面担当何洛洛🍳脆脆鲨首席品鉴官🍳doki年度新势力🍳FILA潮流体验官🍳Fendi春夏男士系列新品发售会夺目亮相🍳麦吉丽护肤系列青春代言人🍳康师傅冰红茶燃战队代言人🍳必胜客牛人联盟🍳Calvin Klein双十一助愿官🍳@R1SE-何洛洛,0,0,False,5862092693,橙子里有个咕噜噜,f,2397,500,11575,洛糍超话小主持人 问答答主,糯米糍👻,3
4478142322484086,4478144138257126,Mon Mar 02 21:37:05 +0800 2020,🍟 🔆 ✨ 👑 R1SE唯一门面何洛洛👑 ✨ 🍒 🔆 🍟 薯片少年何洛洛👑 ✨ 🍒 🔆 🍟 宠鞋狂魔何洛洛 🍒 🔆 🍟 双面迷魂何洛洛✨ 🍒 🔆  🍥 👑 🍥 何洛洛🍥 👑 🍥 何洛洛🍥 👑 🍥 何洛洛🍥@R1SE-何洛洛,0,0,False,7233305915,草莓樱花芝士味,f,62,96,13,,每天都要快快洛洛(｡･ω･｡)ﾉ,1
4478142322484086,4478143760479676,Mon Mar 02 21:35:34 +0800 2020,🍳 R1SE门面何洛洛 🎈00后男明星带货总榜8次Top🥇脆脆鲨雀巢威化首席品鉴官食品类品牌代言效果Top🥇🎈 FILA潮流体验官服装类品牌效果Top2🎈Calvin Klein双十一助愿官热销榜单独揽Top1Top2🎈首封《精品购物指南》上线60s销量破万👑暴风成长，未来可期🍳 @R1SE-何洛洛,0,0,False,7150231197,徐一宁的小阔耐,f,736,682,54,,The place 杨幂 pass by must have the fragrance of flowers,2
4478142322484086,4478143458459338,Mon Mar 02 21:34:23 +0800 2020,🍳R1SE门面担当何洛洛🍳脆脆鲨首席品鉴官🍳doki年度新势力🍳FILA潮流体验官🍳Fendi春夏男士系列新品发售会夺目亮相🍳麦吉丽护肤系列青春代言人🍳康师傅冰红茶燃战队代言人🍳必胜客牛人联盟🍳Calvin Klein双十一助愿官🍳@R1SE-何洛洛,0,0,False,5455738420,啊呜一大口橙子_,f,4958,458,13047,何洛洛美图安利吧超话主持人,疯子请速速远离我,3
4478142322484086,4478143374696199,Mon Mar 02 21:34:02 +0800 2020,✨✨✨♥️♥️✨✨✨♥️♥️✨✨✨ ✨✨♥️♥️♥️♥️🌟♥️♥️♥️♥️✨✨  ✨✨♥️♥️唯一门面 ♥️♥️✨✨  ✨✨✨♥️@R1SE-何洛洛♥️✨✨✨ ✨✨✨✨♥️  何洛洛 ♥️✨✨✨✨ ✨✨✨✨✨♥️♥️♥️✨✨✨✨✨ ✨✨✨✨✨✨♥️✨✨✨✨✨✨,0,0,False,7154162429,新宁茶茶,f,4209,607,271,,唯爱洛洛，陪我的小朋友长大,3
4478142322484086,4478143215483706,Mon Mar 02 21:33:24 +0800 2020,你就会发现别人会回报你的善意，你的快乐也会在别人身上体现出来。,0,0,False,5345613373,哼歌向前儿,f,3570,595,4413,赫萝哥哥的薯片超话小主持人,学习,3
4478142322484086,4478142884662384,Mon Mar 02 21:32:06 +0800 2020,何洛洛@R1SE-何洛洛,0,0,False,5983250003,muya慕雅,f,417,217,161,,努力追梦的姑娘慕雅大大呀,2
4478142322484086,4478142619928545,Mon Mar 02 21:31:02 +0800 2020,🍳 R1SE门面何洛洛 🎈00后男明星带货总榜8次Top🥇脆脆鲨雀巢威化首席品鉴官食品类品牌代言效果Top🥇🎈 FILA潮流体验官服装类品牌效果Top2🎈Calvin Klein双十一助愿官热销榜单独揽Top1Top2🎈首封《精品购物指南》上线60s销量破万👑暴风成长，未来可期🍳 @R1SE-何洛洛 ,0,0,False,6606442854,苗秒喵,m,237,59,553,,以后的路一起走吧,2
4478142322484086,4478142578566645,Mon Mar 02 21:30:53 +0800 2020,👑👑👑👑👑👑👑👑👑👑👑👑👑👑  🍬🍬🍬✨R1SE门面何洛洛✨🎐🎐🎐    🎐🎐🎐✨ 养成系超甜爱豆 ✨🍬🍬🍬   🍬🍬🍬✨ 运动风男神校草✨🎐🎐🎐   👑👑👑👑👑👑👑👑👑👑👑👑👑👑,0,0,False,5176596751,又想改名了-,f,3316,211,138,,暂无简介,2
4478142322484086,4478142519804874,Mon Mar 02 21:30:39 +0800 2020,👑👑👑👑👑👑👑👑👑👑👑👑👑👑  🍬🍬🍬✨R1SE门面何洛洛✨🎐🎐🎐    🎐🎐🎐✨ 养成系超甜爱豆 ✨🍬🍬🍬   🍬🍬🍬✨ 运动风男神校草✨🎐🎐🎐   👑👑👑👑👑👑👑👑👑👑👑👑👑👑,0,0,False,3837033256,老花眼镜看不清,f,5700,290,47,,颜狗,4
4478142322484086,4478142473202921,Mon Mar 02 21:30:28 +0800 2020,🍳R1SE门面担当何洛洛🍳脆脆鲨首席品鉴官🍳doki年度新势力🍳FILA潮流体验官🍳Fendi春夏男士系列新品发售会夺目亮相🍳麦吉丽护肤系列青春代言人🍳康师傅冰红茶燃战队代言人🍳必胜客牛人联盟🍳Calvin Klein双十一助愿官🍳@R1SE-何洛洛,0,0,False,6035803816,w岚瑟,f,2205,127,1176,赫萝哥哥的薯片超话主持人,人民有信仰，国家有力量，民族有希望。,3
4478142322484086,4478142464924081,Mon Mar 02 21:30:26 +0800 2020,🍳R1SE实力门面何洛洛🍳首次公演直拍4337.6w播放量👑脆脆鲨首席品鉴官食品类品牌代言效果榜TOP1 👑超新星全运会元气运动员代表👑doki年度新势力👑EP团内秒切第二👑《精品购物指南》4分钟库存售空👑@R1SE-何洛洛 ,0,0,False,5667003547,贝贝的洛洛19岁生日快乐,f,2108,421,1305,是洛洛的糯米糍吖超话小主持人,我永远的小朋友,3
4478142322484086,4478142460257266,Mon Mar 02 21:30:25 +0800 2020,✨ 🌈  唯一门面何洛洛 🌈 ✨ 💝 🏹 🌟 🌈 ✨ 生图杀手何洛洛🌈 ✨💝 🏹 元气满满何洛洛🏹 💝✨ 🌈 人间甜豆何洛洛🌈 ✨💝 🏹  🌈 ✨ 唱跳俱佳何洛洛🌈 ✨💝 🏹 何洛洛✨ 🌈✨💝✨,0,0,False,5692034842,一上线就话唠的yeon,f,6278,215,13653,娱乐博主,人类的本质是颜狗,6
4478141861458377,4478142783163823,Mon Mar 02 21:31:41 +0800 2020,老公好帅 老公的腿不是腿 是塞纳河畔的春水 老公的背不是背 是保加利亚的玫瑰 哥哥的皮肤是华东平原 水嫩散发着青春 老公眼睛是夜空恒星 闪闪发光勾人魂 老公的嗓音是黑洞 老公是光 逃不出声音的引力 老公的腹肌是丘陵 一不小心就摔在里面 老公的手指是麻醉针 碰一下，便沉醉了,1,0,False,3321691092,洛哥的粉红豹,f,5900,448,11643,,先沉稳 后爱人,3
4478141861458377,4478160060467293,Mon Mar 02 22:40:21 +0800 2020,⛅️⛅️⛅️⛅️⛅️⛅️⛅️⛅️⛅️⛅️⛅️⛅️⛅️⛅️ 🌈  ̊ଳ ̊实力门面@R1SE-何洛洛 🌈✨✨ଲ ଲ(⸝⸝⸝ᵒ̴̶̷̥́ ⌑ ᵒ̴̶̷̣̥̀⸝⸝⸝)~(˶‾᷄ꈊ‾᷅˵)~ (๑⃙⃘´༥`๑⃙⃘) ꉂ೭(˵¯̴͒ꇴ¯̴͒˵)౨ଲ ⛅️⛅️⛅️⛅️⛅️⛅️⛅️⛅️⛅️⛅️⛅️⛅️⛅️⛅️,0,0,False,6485929458,·星球記錄仪·,f,4743,741,1177,,快乐冲浪爱好者,3
4478141861458377,4478158311497865,Mon Mar 02 22:33:24 +0800 2020,🍳蛋饼成名何洛洛🎷萨克斯风何洛洛👟宠鞋狂魔何洛洛 🍳可爱厨神何洛洛🎷名品下颌何洛洛👟嗜鞋如命何洛洛 🍳做饭暖男何洛洛🎷气质优越何洛洛👟擦鞋减压何洛洛,0,0,False,3742374132,·可米莉亚·,f,4560,1096,1193,徐一宁超话小主持人,他夏了夏天,5
4478141861458377,4478155295281366,Mon Mar 02 22:21:25 +0800 2020,何洛洛🐰🐰🐰何洛洛🍳🍳🍳何洛洛🐰🐰🐰何洛洛🍳🍳🍳何洛洛🐰🐰🐰何洛洛🍳🍳🍳 何洛洛🐰🐰🐰何洛洛🍳🍳🍳何洛洛🐰🐰🐰 何洛洛🍳🍳🍳何洛洛🐰🐰🐰何洛洛🍳🍳🍳 何洛洛🐰,0,0,False,6154091021,八號当铺i__,f,1023,356,1148,十一吖超话主持人 问答答主,糯糯,2
4478141861458377,4478154351180512,Mon Mar 02 22:17:40 +0800 2020,⚪⚪⚪💖💖⚪⚪⚪💖💖⚪⚪⚪        ⚪⚪💖💖💖💖👑💖💖💖💖⚪⚪        ⚪⚪💖R1SE Top2 唯一门面💖⚪⚪    ⚪⚪⚪💖@R1SE-何洛洛💖⚪⚪⚪ ⚪⚪⚪⚪💖 何洛洛 💖⚪⚪⚪⚪ ⚪⚪⚪⚪⚪💖💖💖⚪⚪⚪⚪⚪ ⚪⚪⚪⚪⚪⚪💖⚪⚪⚪⚪⚪⚪,0,0,False,1875272587,鱼酱ace,f,12057,228,245,,独宠洛洛大宝贝🥳,2
4478141861458377,4478150714860372,Mon Mar 02 22:03:13 +0800 2020,鹅鹅鹅鹅鹅鹅鹅鹅鹅鹅鹅鹅鹅鹅鹅鹅鹅鹅鹅鹅鹅鹅鹅鹅鹅鹅鹅鹅鹅鹅鹅鹅鹅,0,0,False,6333305271,夹夹要努力,f,6414,372,223,,你值得无限的爱与美好@R1SE-何洛洛,3
4478141861458377,4478146134948864,Mon Mar 02 21:45:01 +0800 2020,🍳 R1SE门面何洛洛 🎈00后男明星带货总榜8次Top🥇脆脆鲨雀巢威化首席品鉴官食品类品牌代言效果Top🥇🎈 FILA潮流体验官服装类品牌效果Top2🎈Calvin Klein双十一助愿官热销榜单独揽Top1Top2🎈首封《精品购物指南》上线60s销量破万👑暴风成长，未来可期🍳 @R1SE-何洛洛,0,0,False,3803187328,跟着我,f,1973,466,11270,甜糯超话主持人,你带来了星星和月亮/何洛洛,5
4478141861458377,4478145900543065,Mon Mar 02 21:44:04 +0800 2020,🍳 R1SE门面何洛洛 🎈00后男明星带货总榜8次Top🥇脆脆鲨雀巢威化首席品鉴官食品类品牌代言效果Top🥇🎈 FILA潮流体验官服装类品牌效果Top2🎈Calvin Klein双十一助愿官热销榜单独揽Top1Top2🎈首封《精品购物指南》上线60s销量破万👑暴风成长，未来可期🍳 @R1SE-何洛洛,0,0,False,5976116344,貳顆泡泡糖·,f,3489,212,11965,马龙超话粉丝大咖,月亮下山了 变太阳公公了🌆,3
4478141861458377,4478145090414744,Mon Mar 02 21:40:52 +0800 2020,✨ 🌈  唯一门面何洛洛 🌈 ✨ 💝 🏹 🌟 🌈 ✨ 生图杀手何洛洛🌈 ✨💝 🏹 元气满满何洛洛🏹 💝✨ 🌈 人间甜豆何洛洛🌈 ✨💝 🏹  🌈 ✨ 唱跳俱佳何洛洛🌈 ✨💝 🏹 何洛洛✨ 🌈✨💝✨,0,0,False,6584948497,·酸奶疙瘩也好吃·,f,5755,517,10620,新鲜事作者 问答答主,佛系追星，很容易暴躁！,3
4478141861458377,4478144751112808,Mon Mar 02 21:39:30 +0800 2020,✨✨✨♥️♥️✨✨✨♥️♥️✨✨✨ ✨✨♥️♥️♥️♥️🌟♥️♥️♥️♥️✨✨  ✨✨♥️♥️唯一门面 ♥️♥️✨✨  ✨✨✨♥️@R1SE-何洛洛♥️✨✨✨ ✨✨✨✨♥️  何洛洛 ♥️✨✨✨✨ ✨✨✨✨✨♥️♥️♥️✨✨✨✨✨ ✨✨✨✨✨✨♥️✨✨✨✨✨✨,0,0,False,7154162429,新宁茶茶,f,4209,607,271,,唯爱洛洛，陪我的小朋友长大,3
4478141861458377,4478144230647344,Mon Mar 02 21:37:27 +0800 2020,ddddd,0,0,False,2276065900,来来乐园,f,25757,511,1993,是甜甜啊丶超话小主持人,追星号 介意别关注 谢谢谢谢,6
4478141861458377,4478143672943382,Mon Mar 02 21:35:13 +0800 2020,🍳R1SE门面担当何洛洛🍳脆脆鲨首席品鉴官🍳doki年度新势力🍳FILA潮流体验官🍳Fendi春夏男士系列新品发售会夺目亮相🍳麦吉丽护肤系列青春代言人🍳康师傅冰红茶燃战队代言人🍳必胜客牛人联盟🍳Calvin Klein双十一助愿官🍳@R1SE-何洛洛,0,0,False,6932814793,阳光蝶依,f,1947,312,38759,HLL超话小主持人 问答答主,洛洛未来可期,4
4478141861458377,4478143634611231,Mon Mar 02 21:35:05 +0800 2020,,0,0,False,3084255235,累累累累累了-,f,4572,372,44950,何洛洛超话粉丝大咖,内有猛男。,4
4478141861458377,4478143282652656,Mon Mar 02 21:33:41 +0800 2020,人人存善念，并能日行一善，则个人、家庭、社会一定安乐祥和。这世上，有时笑笑人家，有时给别人笑笑自己，放轻松，给自己快乐，也给别人快乐。同学丢一张纸屑—那是制造恶业；我们捡起一张纸屑—这是累积善业。,0,0,False,5345613373,哼歌向前儿,f,3570,595,4413,赫萝哥哥的薯片超话小主持人,学习,3
4478141861458377,4478142653726485,Mon Mar 02 21:31:10 +0800 2020,🌈 🌈何洛洛🌈 🌈何洛洛🌈 🌈何洛洛 🌈 🌈何洛洛🌈 🌈何洛洛🌈 🌈何洛洛 🌈 🌈何洛洛🌈 🌈何洛洛🌈 🌈何洛洛 🌈 🌈何洛洛🌈 🌈何洛洛🌈 🌈何洛洛,0,0,False,5651184323,Eetrichor·一喋小喵,f,2414,418,12267,微博原创视频博主 问答答主,爱自己 爱自由,3
4478141861458377,4478142490059057,Mon Mar 02 21:30:32 +0800 2020,🍳 R1SE门面何洛洛 🎈00后男明星带货总榜8次Top🥇脆脆鲨雀巢威化首席品鉴官食品类品牌代言效果Top🥇🎈 FILA潮流体验官服装类品牌效果Top2🎈Calvin Klein双十一助愿官热销榜单独揽Top1Top2🎈首封《精品购物指南》上线60s销量破万👑暴风成长，未来可期🍳 @R1SE-何洛洛,0,0,False,6357817413,洛桥·,f,2112,444,14258,洛言洛语超话小主持人,人世间有百媚千红，唯独你是我情之所钟,3
4478141861458377,4478142183734732,Mon Mar 02 21:29:18 +0800 2020,👑👑👑👑👑👑👑👑👑👑👑👑👑👑  🍬🍬🍬✨R1SE门面何洛洛✨🎐🎐🎐    🎐🎐🎐✨ 养成系超甜爱豆 ✨🍬🍬🍬   🍬🍬🍬✨ 运动风男神校草✨🎐🎐🎐   👑👑👑👑👑👑👑👑👑👑👑👑👑👑,0,0,False,5818504475,uy鱼,f,7368,430,360,,谨言慎行。,4
4478141861458377,4478142163100154,Mon Mar 02 21:29:14 +0800 2020,🍳 R1SE门面何洛洛 🎈00后男明星带货总榜8次Top🥇脆脆鲨雀巢威化首席品鉴官食品类品牌代言效果Top🥇🎈 FILA潮流体验官服装类品牌效果Top2🎈Calvin Klein双十一助愿官热销榜单独揽Top1Top2🎈首封《精品购物指南》上线60s销量破万👑暴风成长，未来可期🍳 @R1SE-何洛洛,0,0,False,7194799134,Mikiii,f,1439,324,11394,徐一宁的小雪球超话主持人,何洛洛。,3
4478141861458377,4478142124999823,Mon Mar 02 21:29:04 +0800 2020,✨✨✨🔷🔷✨✨✨🔷🔷✨✨✨ ✨✨🔷🔷🔷🔷👑🔷🔷🔷🔷✨✨ ✨✨🔷🔷R1SE 唯一门面🔷🔷✨✨ ✨✨✨🔷@R1SE-何洛洛🔷✨✨✨ ✨✨✨✨🔷  何洛洛 🔷✨✨✨✨ ✨✨✨✨✨🔷🔷🔷✨✨✨✨✨  ✨✨✨✨✨✨🔷✨✨✨✨✨⭐,0,0,False,6619026081,欧泡时间到w,f,2520,730,3133,甜糯超话小主持人,peace＆love,3
4478141861458377,4478142120782855,Mon Mar 02 21:29:03 +0800 2020,✨✨✨♥️♥️✨✨✨♥️♥️✨✨✨ ✨✨♥️♥️♥️♥️🌟♥️♥️♥️♥️✨✨  ✨✨♥️♥️ 实力门面 ♥️♥️✨✨  ✨✨✨♥️@R1SE-何洛洛♥️✨✨✨ ✨✨✨✨♥️  何洛洛 ♥️✨✨✨✨ ✨✨✨✨✨♥️♥️♥️✨✨✨✨✨ ✨✨✨✨✨✨♥️✨✨✨✨✨✨,0,0,False,6473776518,子不语沐兮,f,4865,1043,10596,视频博主 问答答主,【少年如故  少年如你】,3
4478141135562448,4478141953371461,Mon Mar 02 21:28:23 +0800 2020,✨✨✨♥️♥️✨✨✨♥️♥️✨✨✨ ✨✨♥️♥️♥️♥️🌟♥️♥️♥️♥️✨✨  ✨✨♥️♥️唯一门面 ♥️♥️✨✨  ✨✨✨♥️@R1SE-何洛洛♥️✨✨✨ ✨✨✨✨♥️  何洛洛 ♥️✨✨✨✨ ✨✨✨✨✨♥️♥️♥️✨✨✨✨✨ ✨✨✨✨✨✨♥️✨✨✨✨✨✨,0,0,False,5463405216,小路居居饼,f,4316,581,10863,问答答主,,3
4478141135562448,4478141642657276,Mon Mar 02 21:27:10 +0800 2020,🍟 🔆 ✨ 👑 R1SE唯一门面何洛洛👑 ✨ 🍒 🔆 🍟 薯片少年何洛洛👑 ✨ 🍒 🔆 🍟 宠鞋狂魔何洛洛 🍒 🔆 🍟 双面迷魂何洛洛✨ 🍒 🔆  🍥 👑 🍥 何洛洛🍥 👑 🍥 何洛洛🍥 👑 🍥 何洛洛🍥@R1SE-何洛洛,0,0,False,5442012708,-Eykining香菜,f,4642,680,16165,满杯金菠萝超话小主持人,何洛洛老婆 温柔快乐小散粉一个                                互fo私信哦,3
4478141135562448,4478141643077050,Mon Mar 02 21:27:09 +0800 2020,🍟 🔆 ✨ 👑 R1SE唯一门面何洛洛👑 ✨ 🍒 🔆 🍟 薯片少年何洛洛👑 ✨ 🍒 🔆 🍟 宠鞋狂魔何洛洛 🍒 🔆 🍟 双面迷魂何洛洛✨ 🍒 🔆  🍥 👑 🍥 何洛洛🍥 👑 🍥 何洛洛🍥 👑 🍥 何洛洛🍥@R1SE-何洛洛,0,0,False,6041588532,北木南的孤独,f,1360,521,11053,何洛洛超话粉丝大咖,不争不抢  随遇而安 粉何洛洛,4
4478141135562448,4478141629837864,Mon Mar 02 21:27:07 +0800 2020,✨✨✨🔷🔷✨✨✨🔷🔷✨✨✨ ✨✨🔷🔷🔷🔷👑🔷🔷🔷🔷✨✨ ✨✨🔷🔷R1SE 唯一门面🔷🔷✨✨ ✨✨✨🔷@R1SE-何洛洛🔷✨✨✨ ✨✨✨✨🔷  何洛洛 🔷✨✨✨✨ ✨✨✨✨✨🔷🔷🔷✨✨✨✨✨  ✨✨✨✨✨✨🔷✨✨✨✨✨,0,0,False,6632811051,·银河咕叽星·,f,2859,434,11651,,这座乐园不打烊,3
4478141135562448,4478141621842587,Mon Mar 02 21:27:04 +0800 2020,✨✨✨🔷🔷✨✨✨🔷🔷✨✨✨ ✨✨🔷🔷🔷🔷👑🔷🔷🔷🔷✨✨ ✨✨🔷🔷R1SE 门面担当🔷🔷✨✨ ✨✨✨🔷@R1SE-何洛洛🔷✨✨✨ ✨✨✨✨🔷  何洛洛 🔷✨✨✨✨ ✨✨✨✨✨🔷🔷🔷✨✨✨✨✨  ✨✨✨✨✨✨🔷✨✨✨✨✨⭐,0,0,False,6932814793,阳光蝶依,f,1947,312,38759,HLL超话小主持人 问答答主,洛洛未来可期,4
4478141135562448,4478141550952179,Mon Mar 02 21:26:47 +0800 2020,✨✨✨🔷🔷✨✨✨🔷🔷✨✨✨ ✨✨🔷🔷🔷🔷👑🔷🔷🔷🔷✨✨ ✨✨🔷🔷R1SE 门面担当🔷🔷✨✨ ✨✨✨🔷@R1SE-何洛洛🔷✨✨✨ ✨✨✨✨🔷  何洛洛 🔷✨✨✨✨ ✨✨✨✨✨🔷🔷🔷✨✨✨✨✨  ✨✨✨✨✨✨🔷✨✨✨✨✨✨,0,0,False,7059807348,杉何可见,f,6954,859,103712,视频博主 何洛洛超话粉丝大咖,恐丑,3
4478141135562448,4478141357461325,Mon Mar 02 21:26:01 +0800 2020,🎶 ☁🎷  🎶 ☁ 🎷 🎶 ☁ 🎷 🎶 ☁ 🎷 🎶 ☁🎷🎶 ☁ 只做你🎶 一个人的🎶 小朋友☁ 🎶 🎷 ☁ 🎶 何洛洛✨@R1SE-何洛洛 ☁ 🎷 🎶☁ 🎷 🎶 ☁ 🎷 🎶 ☁ 🎷 🎶 ☁ 🎷 🎶 ☁ 🎷,0,0,False,1892232002,绣绣BREATHE,f,691,383,10497,糯米糍的小窝超话小主持人,蒲公英，似是自由，却身不由己,3
4478141135562448,4478141299149411,Mon Mar 02 21:25:48 +0800 2020,🍳蛋饼成名何洛洛🎷萨克斯风何洛洛👟宠鞋狂魔何洛洛 🍳可爱厨神何洛洛🎷名品下颌何洛洛👟嗜鞋如命何洛洛 🍳做饭暖男何洛洛🎷气质优越何洛洛👟擦鞋减压何洛洛,0,0,False,3742374132,·可米莉亚·,f,4560,1096,1193,徐一宁超话小主持人,他夏了夏天,5
4478141135562448,4478141248818129,Mon Mar 02 21:25:35 +0800 2020,👑👑👑👑👑👑👑👑👑👑👑👑👑👑  🍬🍬🍬✨R1SE门面何洛洛✨🎐🎐🎐    🎐🎐🎐✨ 养成系超甜爱豆 ✨🍬🍬🍬   🍬🍬🍬✨ 运动风男神校草✨🎐🎐🎐   👑👑👑👑👑👑👑👑👑👑👑👑👑👑,0,0,False,6128750353,扑捉甜甜玉,f,3630,387,11548,问答答主,,3
4478141135562448,4478144364925266,Mon Mar 02 21:37:58 +0800 2020,🍟 🔆 ✨ 👑 R1SE唯一门面何洛洛👑 ✨ 🍒 🔆 🍟 薯片少年何洛洛👑 ✨ 🍒 🔆 🍟 宠鞋狂魔何洛洛 🍒 🔆 🍟 双面迷魂何洛洛✨ 🍒 🔆  🍥 👑 🍥 何洛洛🍥 👑 🍥 何洛洛🍥 👑 🍥 何洛洛🍥@R1SE-何洛洛,0,0,False,5772501535,兔子吃蛋饼吗,f,14654,704,709,,我是小甜甜臭臭,1
4478141135562448,4478145681934871,Mon Mar 02 21:43:12 +0800 2020,🍳R1SE门面担当何洛洛🍳脆脆鲨首席品鉴官🍳doki年度新势力🍳FILA潮流体验官🍳Fendi春夏男士系列新品发售会夺目亮相🍳麦吉丽护肤系列青春代言人🍳康师傅冰红茶燃战队代言人🍳必胜客牛人联盟🍳Calvin Klein双十一助愿官🍳@R1SE-何洛洛,0,0,False,5122340768,镜子镜子你好_mirror,m,14555,703,10552,新鲜事作者 糯米团团超话小主持人 问答答主,solo，不扩关,3
4478141135562448,4478142343605269,Mon Mar 02 21:29:56 +0800 2020,🍳 R1SE门面何洛洛 🎈00后男明星带货总榜8次Top🥇脆脆鲨雀巢威化首席品鉴官食品类品牌代言效果Top🥇🎈 FILA潮流体验官服装类品牌效果Top2🎈Calvin Klein双十一助愿官热销榜单独揽Top1Top2🎈首封《精品购物指南》上线60s销量破万👑暴风成长，未来可期🍳 @R1SE-何洛洛 ,0,0,False,6606442854,苗秒喵,m,237,59,553,,以后的路一起走吧,2
4478141135562448,4478141990488370,Mon Mar 02 21:28:33 +0800 2020,✨ 🌈  唯一门面何洛洛 🌈 ✨ 💝 🏹 🌟 🌈 ✨ 生图杀手何洛洛🌈 ✨💝 🏹 元气满满何洛洛🏹 💝✨ 🌈 人间甜豆何洛洛🌈 ✨💝 🏹  🌈 ✨ 唱跳俱佳何洛洛🌈 ✨💝 🏹 何洛洛✨ 🌈✨💝✨！,0,0,False,5692034842,一上线就话唠的yeon,f,6278,215,13653,娱乐博主,人类的本质是颜狗,6
4478141135562448,4478141844608207,Mon Mar 02 21:27:58 +0800 2020,🍳R1SE实力门面何洛洛🍳首次公演直拍4337.6w播放量👑脆脆鲨首席品鉴官食品类品牌代言效果榜TOP1 👑超新星全运会元气运动员代表👑doki年度新势力👑EP团内秒切第二👑《精品购物指南》4分钟库存售空👑@R1SE-何洛洛 ,0,0,False,5667003547,贝贝的洛洛19岁生日快乐,f,2108,421,1305,是洛洛的糯米糍吖超话小主持人,我永远的小朋友,3
4478141135562448,4478141773229678,Mon Mar 02 21:27:41 +0800 2020,🍳R1SE门面担当何洛洛🍳脆脆鲨首席品鉴官🍳doki年度新势力🍳FILA潮流体验官🍳Fendi春夏男士系列新品发售会夺目亮相🍳麦吉丽护肤系列青春代言人🍳康师傅冰红茶燃战队代言人🍳必胜客牛人联盟🍳Calvin Klein双十一助愿官🍳@R1SE-何洛洛,0,0,False,5862092693,橙子里有个咕噜噜,f,2397,500,11575,洛糍超话小主持人 问答答主,糯米糍👻,3
4478141135562448,4478141550055943,Mon Mar 02 21:26:48 +0800 2020,🌈 🌸 甜心轰炸机何洛洛 🌈 🌸 暴风成长何洛洛 🌈 🌸 养成系偶像何洛洛 🌈 🌸 反转魅力何洛洛 🌈 🌸 运动系学长何洛洛 🌈 🌸 门面担当何洛洛,0,0,False,3825038176,啊啊哈哈哈·,m,1110,180,159,,间歇性追星,2
4478141135562448,4478141479297327,Mon Mar 02 21:26:31 +0800 2020,🍳R1SE门面担当何洛洛🍳脆脆鲨首席品鉴官🍳doki年度新势力🍳FILA潮流体验官🍳Fendi春夏男士系列新品发售会夺目亮相🍳麦吉丽护肤系列青春代言人🍳康师傅冰红茶燃战队代言人🍳必胜客牛人联盟🍳Calvin Klein双十一助愿官🍳@R1SE-何洛洛,0,0,False,6035803816,w岚瑟,f,2205,127,1176,赫萝哥哥的薯片超话主持人,人民有信仰，国家有力量，民族有希望。,3
4478141135562448,4478141445269286,Mon Mar 02 21:26:23 +0800 2020,🎶 ☁🎷  🎶 ☁ 🎷 🎶 ☁ 🎷 🎶 ☁ 🎷 🎶 ☁🎷🎶 ☁ 只做你🎶 一个人的🎶 小朋友☁ 🎶 🎷 ☁ 🎶 何洛洛✨@R1SE-何洛洛 ☁ 🎷 🎶☁ 🎷 🎶 ☁ 🎷 🎶 ☁ 🎷 🎶 ☁ 🎷 🎶 ☁ 🎷,0,0,False,5176596751,又想改名了-,f,3316,211,138,,暂无简介,2
4478141135562448,4478141404034528,Mon Mar 02 21:26:13 +0800 2020,🍟 🔆 ✨ 👑 R1SE唯一门面何洛洛👑 ✨ 🍒 🔆 🍟 薯片少年何洛洛👑 ✨ 🍒 🔆 🍟 宠鞋狂魔何洛洛 🍒 🔆 🍟 双面迷魂何洛洛✨ 🍒 🔆  🍥 👑 🍥 何洛洛🍥 👑 🍥 何洛洛🍥 👑 🍥 何洛洛🍥@R1SE-何洛洛,0,0,False,7233305915,草莓樱花芝士味,f,62,96,13,,每天都要快快洛洛(｡･ω･｡)ﾉ,1
4478141135562448,4478142461075418,Mon Mar 02 21:30:25 +0800 2020,何洛洛@R1SE-何洛洛,0,0,False,7332362690,咻比咻比咻,f,214,94,4,,,0
4478141118311171,4478150324967512,Mon Mar 02 22:01:39 +0800 2020,何洛洛帅，何洛洛好看，何洛洛可爱，何洛洛未来可期@R1SE-何洛洛,0,0,False,5977804194,光斑跳跃,f,3372,315,1373,何以解忧唯有洛洛超话小主持人,未来该有多酷,3
4478141118311171,4478145233296743,Mon Mar 02 21:41:26 +0800 2020,何洛洛@R1SE-何洛洛🍳 创造营Top2出道🏅18岁🐰🐰 R1SE男团门面担当⚡️唱跳俱佳🎷运动达人🏹人间甜豆🍬厨艺惊人🥞🍛未来可期🔥,0,0,False,6312718810,Lainey_Woo,f,6774,421,699,,无望姻缘，只想发财,4
4478141118311171,4478142233783247,Mon Mar 02 21:29:31 +0800 2020,🍳 R1SE门面何洛洛 🎈00后男明星带货总榜8次Top🥇脆脆鲨雀巢威化首席品鉴官食品类品牌代言效果Top🥇🎈 FILA潮流体验官服装类品牌效果Top2🎈Calvin Klein双十一助愿官热销榜单独揽Top1Top2🎈首封《精品购物指南》上线60s销量破万👑暴风成长，未来可期🍳 @R1SE-何洛洛,0,0,False,6569027493,一切风景皆心情,m,615,116,1054,,想去深山老林里修炼,0
4478141118311171,4478145195703051,Mon Mar 02 21:41:17 +0800 2020,👑👑👑👑👑👑👑👑👑👑👑👑👑👑  🍬🍬🍬✨R1SE门面何洛洛✨🎐🎐🎐    🎐🎐🎐✨ 养成系超甜爱豆 ✨🍬🍬🍬   🍬🍬🍬✨ 运动风男神校草✨🎐🎐🎐   👑👑👑👑👑👑👑👑👑👑👑👑👑👑,0,0,False,6035803816,w岚瑟,f,2205,127,1176,赫萝哥哥的薯片超话主持人,人民有信仰，国家有力量，民族有希望。,3
4478141118311171,4478142368565485,Mon Mar 02 21:30:03 +0800 2020,无论你在搜营2 还是壶2 还是何洛洛 还是何糯糯 还是hll 还是赫萝 还是何洛还是火辣辣 我都会告诉你，舞台可A可欲，私下可甜可盐。壶团实力门面，搞笑游戏buff！Wink少年何洛洛💕 我们永远在你身边💕 @R1SE-何洛洛,0,0,False,6593666296,万重群山不及你,f,642,149,1070,,少吃不见瘦，多吃一定胖🐷🐷🐷,0
4478141118311171,4478147318045901,Mon Mar 02 21:49:43 +0800 2020,🍳R1SE门面担当何洛洛🍳脆脆鲨首席品鉴官🍳doki年度新势力🍳FILA潮流体验官🍳Fendi春夏男士系列新品发售会夺目亮相🍳麦吉丽护肤系列青春代言人🍳康师傅冰红茶燃战队代言人🍳必胜客牛人联盟🍳Calvin Klein双十一助愿官🍳@R1SE-何洛洛,0,0,False,5331173009,纯粹守护你,f,3201,550,359,何洛洛超话粉丝大咖,糯米糍本糍,4
4478141118311171,4478145736467042,Mon Mar 02 21:43:26 +0800 2020,✨✨✨♥️♥️✨✨✨♥️♥️✨✨✨ ✨✨♥️♥️♥️♥️🌟♥️♥️♥️♥️✨✨  ✨✨♥️♥️唯一门面 ♥️♥️✨✨  ✨✨✨♥️@R1SE-何洛洛♥️✨✨✨ ✨✨✨✨♥️  何洛洛 ♥️✨✨✨✨ ✨✨✨✨✨♥️♥️♥️✨✨✨✨✨ ✨✨✨✨✨✨♥️✨✨✨✨✨✨,0,0,False,7154162429,新宁茶茶,f,4209,607,271,,唯爱洛洛，陪我的小朋友长大,3
4478141118311171,4478145371538515,Mon Mar 02 21:41:58 +0800 2020,⚪⚪⚪🍳🍳⚪⚪⚪🍳🍳⚪⚪⚪        ⚪⚪🍳🍳🍳🍳🍳🍳🍳🍳⚪⚪        ⚪⚪🍳 天生爱豆  实力门面  🍳⚪⚪        ⚪⚪⚪🍳 @R1SE-何洛洛 🍳⚪⚪⚪ ⚪⚪⚪⚪🍳  何 洛 洛  🍳⚪⚪⚪⚪ ⚪⚪⚪⚪⚪🍳🍳🍳⚪⚪⚪⚪⚪ ⚪⚪⚪⚪⚪⚪ 🍳⚪⚪⚪⚪⚪⚪,0,0,False,2931147851,一抓一大把_,m,6556,770,66130,问答答主,全球娱乐圈洛毒唯,3
4478141118311171,4478145355177518,Mon Mar 02 21:41:55 +0800 2020,🍓🍓🍓🍓🍓🍓🍓🍓🍓🍓🍓🍓🍓🍓🍓 🍓 🍓 🍓 🍨  @R1SE-何洛洛 🍨 🍓 🍓 🍓 🍓🍓🍓  🍨 🍨  夏日甜心 🍨 🍨  🍓🍓🍓 🍓🍓🍓🍓🍓🍓🍓🍓🍓🍓🍓🍓🍓🍓🍓,0,0,False,5463405216,小路居居饼,f,4316,581,10863,问答答主,,3
4478141118311171,4478145350154145,Mon Mar 02 21:41:53 +0800 2020,👑👑👑👑👑👑👑👑👑👑👑👑👑👑  🍬🍬🍬✨R1SE门面何洛洛✨🎐🎐🎐    🎐🎐🎐✨ 养成系超甜爱豆 ✨🍬🍬🍬   🍬🍬🍬✨ 运动风男神校草✨🎐🎐🎐   👑👑👑👑👑👑👑👑👑👑👑👑,0,0,False,5345613373,哼歌向前儿,f,3570,595,4413,赫萝哥哥的薯片超话小主持人,学习,3
4478141118311171,4478145245695553,Mon Mar 02 21:41:28 +0800 2020,✨✨✨🔷🔷✨✨✨🔷🔷✨✨✨ ✨✨🔷🔷🔷🔷👑🔷🔷🔷🔷✨✨ ✨✨🔷🔷R1SE 门面担当🔷🔷✨✨ ✨✨✨🔷@R1SE-何洛洛🔷✨✨✨ ✨✨✨✨🔷  何洛洛 🔷✨✨✨✨ ✨✨✨✨✨🔷🔷🔷✨✨✨✨✨  ✨✨✨✨✨✨🔷✨✨✨✨✨⭐,0,0,False,5455738420,啊呜一大口橙子_,f,4958,458,13047,何洛洛美图安利吧超话主持人,疯子请速速远离我,3
4478141118311171,4478145242034211,Mon Mar 02 21:41:28 +0800 2020,何洛洛@R1SE-何洛洛,0,0,False,5020953832,来自南极的鱼ice,f,4881,574,1344,insdaily超话主持人,何洛出圈预定,3
4478141118311171,4478145199905208,Mon Mar 02 21:41:17 +0800 2020,🍳R1SE门面担当何洛洛🍳脆脆鲨首席品鉴官🍳doki年度新势力🍳FILA潮流体验官🍳Fendi春夏男士系列新品发售会夺目亮相🍳麦吉丽护肤系列青春代言人🍳康师傅冰红茶燃战队代言人🍳必胜客牛人联盟🍳Calvin Klein双十一助愿官🍳@R1SE-何洛洛,0,0,False,6632811051,·银河咕叽星·,f,2859,434,11651,,这座乐园不打烊,3
4478141118311171,4478145182470443,Mon Mar 02 21:41:13 +0800 2020,何洛洛长得好帅@R1SE-何洛洛  何洛洛笑起来会发光@R1SE-何洛洛   何洛洛唱歌好听@R1SE-何洛洛   何洛洛舞台表现力强@R1SE-何洛洛   何洛洛有礼貌@R1SE-何洛洛   何洛洛拍照专业@R1SE-何洛洛   何洛洛敬业@R1SE-何洛洛   何洛洛吃苦耐劳@R1SE-何洛洛   何洛洛勤俭持家@R1SE-何洛洛,0,0,False,5647691648,GODDESSBOM,f,3021,371,156,,洛洛,2
4478141118311171,4478145153005101,Mon Mar 02 21:41:07 +0800 2020,🍳 R1SE门面何洛洛 🎈00后男明星带货总榜8次Top🥇脆脆鲨雀巢威化首席品鉴官食品类品牌代言效果Top🥇🎈 FILA潮流体验官服装类品牌效果Top2🎈Calvin Klein双十一助愿官热销榜单独揽Top1Top2🎈首封《精品购物指南》上线60s销量破万👑暴风成长，未来可期🍳 @R1SE-何洛洛 ,0,0,False,5667003547,贝贝的洛洛19岁生日快乐,f,2108,421,1305,是洛洛的糯米糍吖超话小主持人,我永远的小朋友,3
4478141118311171,4478141743235945,Mon Mar 02 21:27:34 +0800 2020,✨✨✨❄️❄️✨✨✨❄️❄️✨✨✨ ✨✨❄️❄️❄️❄️👑❄️❄️❄️❄️✨✨ ✨✨❄️❄️R1SE  唯一门面❄️❄️✨✨ ✨✨✨❄️@R1SE-何洛洛❄️✨✨✨ ✨✨✨✨❄️  何洛洛 ❄️✨✨✨✨ ✨✨✨✨✨❄️❄️❄️✨✨✨✨✨  ✨✨✨✨✨✨❄️✨✨✨✨✨✨,0,0,False,3825038176,啊啊哈哈哈·,m,1110,180,159,,间歇性追星,2
4478141118311171,4478145275141568,Mon Mar 02 21:41:36 +0800 2020,🍳R1SE门面担当何洛洛🍳脆脆鲨首席品鉴官🍳doki年度新势力🍳FILA潮流体验官🍳Fendi春夏男士系列新品发售会夺目亮相🍳麦吉丽护肤系列青春代言人🍳康师傅冰红茶燃战队代言人🍳必胜客牛人联盟🍳Calvin Klein双十一助愿官🍳@R1SE-何洛洛,0,0,False,6025484150,没有名字的有名氏,f,349,313,42,,被物理折磨到快秃头的文科党,0
4478141118311171,4478145128508288,Mon Mar 02 21:41:00 +0800 2020,小猪佩奇我配你@R1SE-何洛洛,0,0,False,5979250155,簪缨云罗,f,103,133,28,,,1
4478141118311171,4478142997904322,Mon Mar 02 21:32:33 +0800 2020,天生爱豆🎊🎈 👑🎈 🎊🎈 👑🎈 🎊厨艺担当 ✨ ✨ ✨ ✨R1SE唯一门面何洛洛✨ ✨ ✨ ✨  暴风成长🎊 🎈👑🎈 🎊🎈 👑🎈 🎊入股不亏🎊 🎈 👑 🎈 🎊 @R1SE-何洛洛  🎊 🎈 👑 🎈,0,0,False,7313905385,宁哥家的巴达兽,f,627,103,1206,,这个世界太疯狂,0
4478141118311171,4478141961274860,Mon Mar 02 21:28:26 +0800 2020,👑👑👑👑👑👑👑👑👑👑👑👑👑👑  🍬🍬🍬✨R1SE门面何洛洛✨🎐🎐🎐    🎐🎐🎐✨ 养成系超甜爱豆 ✨🍬🍬🍬   🍬🍬🍬✨ 运动风男神校草✨🎐🎐🎐   👑👑👑👑👑👑👑👑👑👑👑👑👑👑,0,0,False,6099103085,踹三踹三踹三踹,m,2116,108,1098,,,1
4478140715874295,4478141001286991,Mon Mar 02 21:24:37 +0800 2020,✨✨✨🔷🔷✨✨✨🔷🔷✨✨✨ ✨✨🔷🔷🔷🔷👑🔷🔷🔷🔷✨✨ ✨✨🔷🔷R1SE 唯一门面🔷🔷✨✨ ✨✨✨🔷@R1SE-何洛洛🔷✨✨✨ ✨✨✨✨🔷  何洛洛 🔷✨✨✨✨ ✨✨✨✨✨🔷🔷🔷✨✨✨✨✨  ✨✨✨✨✨✨🔷✨✨✨✨✨⭐,1,0,False,6632811051,·银河咕叽星·,f,2859,434,11651,,这座乐园不打烊,3
4478140715874295,4478140959411678,Mon Mar 02 21:24:26 +0800 2020,与人为善，于己为善；与人有路，于己有退。他人有过不究，于人有恩莫念，爱人先爱己，责人先问心。地至秽者多生物，水至清者常无鱼。对待伴侣需要包容，对待朋友需要宽容。君子有容人之雅量，不会为小事而一争高下,1,0,False,3084255235,累累累累累了-,f,4572,372,44950,何洛洛超话粉丝大咖,内有猛男。,4
4478140715874295,4478140850175087,Mon Mar 02 21:24:01 +0800 2020,🍳R1SE实力门面何洛洛🍳首次公演直拍4337.6w播放量👑脆脆鲨首席品鉴官食品类品牌代言效果榜TOP1 👑超新星全运会元气运动员代表👑doki年度新势力👑EP团内秒切第二👑《精品购物指南》4分钟库存售空👑@R1SE-何洛洛 ,1,0,False,5667003547,贝贝的洛洛19岁生日快乐,f,2108,421,1305,是洛洛的糯米糍吖超话小主持人,我永远的小朋友,3
4478140715874295,4478141391656580,Mon Mar 02 21:26:10 +0800 2020,希望大家多多艾特@R1SE-何洛洛 有事没事都艾特@R1SE-何洛洛 或者转赞最近30天的wb，他@R1SE-何洛洛 互动量变低了虽然是@R1SE-何洛洛 自己不发微博造成的，但是作为@R1SE-何洛洛 的麻麻还是要@R1SE-何洛洛,1,0,False,7059807348,杉何可见,f,6954,859,103712,视频博主 何洛洛超话粉丝大咖,恐丑,3
4478140715874295,4478141369687854,Mon Mar 02 21:26:04 +0800 2020,✨✨✨❄️❄️✨✨✨❄️❄️✨✨✨ ✨✨❄️❄️❄️❄️👑❄️❄️❄️❄️✨✨ ✨✨❄️❄️R1SE  唯一门面❄️❄️✨✨ ✨✨✨❄️@R1SE-何洛洛❄️✨✨✨ ✨✨✨✨❄️  何洛洛 ❄️✨✨✨✨ ✨✨✨✨✨❄️❄️❄️✨✨✨✨✨  ✨✨✨✨✨✨❄️✨✨✨✨✨✨,1,0,False,3825038176,啊啊哈哈哈·,m,1110,180,159,,间歇性追星,2
4478140715874295,4478141227273053,Mon Mar 02 21:25:31 +0800 2020,🌈 🌸 甜心轰炸机何洛洛 🌈 🌸 暴风成长何洛洛 🌈 🌸 养成系偶像何洛洛 🌈 🌸 反转魅力何洛洛 🌈 🌸 运动系学长何洛洛 🌈 🌸 门面担当何洛洛@R1SE-何洛洛,1,0,False,5176596751,又想改名了-,f,3316,211,138,,暂无简介,2
4478140715874295,4478142145822920,Mon Mar 02 21:29:09 +0800 2020,老公好帅 老公的腿不是腿 是塞纳河畔的春水 老公的背不是背 是保加利亚的玫瑰 哥哥的皮肤是华东平原 水嫩散发着青春 老公眼睛是夜空恒星 闪闪发光勾人魂 老公的嗓音是黑洞 老公是光 逃不出声音的引力 老公的腹肌是丘陵 一不小心就摔在里面 老公的手指是麻醉针 碰一下，便沉醉了,0,0,False,3321691092,洛哥的粉红豹,f,5900,448,11643,,先沉稳 后爱人,3
4478140715874295,4478142053405550,Mon Mar 02 21:28:47 +0800 2020,✨✨✨🔷🔷✨✨✨🔷🔷✨✨✨ ✨✨🔷🔷🔷🔷👑🔷🔷🔷🔷✨✨ ✨✨🔷🔷R1SE 唯一门面🔷🔷✨✨ ✨✨✨🔷@R1SE-何洛洛🔷✨✨✨ ✨✨✨✨🔷  何洛洛 🔷✨✨✨✨ ✨✨✨✨✨🔷🔷🔷✨✨✨✨✨  ✨✨✨✨✨✨🔷✨✨✨✨✨⭐,0,0,False,6041588532,北木南的孤独,f,1360,521,11053,何洛洛超话粉丝大咖,不争不抢  随遇而安 粉何洛洛,4
4478140715874295,4478141898358556,Mon Mar 02 21:28:11 +0800 2020,✨✨✨♥️♥️✨✨✨♥️♥️✨✨✨ ✨✨♥️♥️♥️♥️🌟♥️♥️♥️♥️✨✨  ✨✨♥️♥️ 实力门面 ♥️♥️✨✨  ✨✨✨♥️@R1SE-何洛洛♥️✨✨✨ ✨✨✨✨♥️  何洛洛 ♥️✨✨✨✨ ✨✨✨✨✨♥️♥️♥️✨✨✨✨✨ ✨✨✨✨✨✨♥️✨✨✨✨✨✨,0,0,False,6473776518,子不语沐兮,f,4865,1043,10596,视频博主 问答答主,【少年如故  少年如你】,3
4478140715874295,4478141840404286,Mon Mar 02 21:27:57 +0800 2020,✨✨✨❄️❄️✨✨✨❄️❄️✨✨✨ ✨✨❄️❄️❄️❄️👑❄️❄️❄️❄️✨✨ ✨✨❄️❄️R1SE 唯一门面❄️❄️✨✨ ✨✨✨❄️@R1SE-何洛洛❄️✨✨✨ ✨✨✨✨❄️  何洛洛 ❄️✨✨✨✨ ✨✨✨✨✨❄️❄️❄️✨✨✨✨✨  ✨✨✨✨✨✨❄️✨✨✨✨✨,0,0,False,5463405216,小路居居饼,f,4316,581,10863,问答答主,,3
4478140715874295,4478142234536780,Mon Mar 02 21:29:31 +0800 2020,🍳 R1SE门面何洛洛 🎈00后男明星带货总榜8次Top🥇脆脆鲨雀巢威化首席品鉴官食品类品牌代言效果Top🥇🎈 FILA潮流体验官服装类品牌效果Top2🎈Calvin Klein双十一助愿官热销榜单独揽Top1Top2🎈首封《精品购物指南》上线60s销量破万👑暴风成长，未来可期🍳 @R1SE-何洛洛 ,0,0,False,6606442854,苗秒喵,m,237,59,553,,以后的路一起走吧,2
4478140715874295,4478141840389289,Mon Mar 02 21:27:56 +0800 2020,🍳R1SE门面担当何洛洛🍳脆脆鲨首席品鉴官🍳doki年度新势力🍳FILA潮流体验官🍳Fendi春夏男士系列新品发售会夺目亮相🍳麦吉丽护肤系列青春代言人🍳康师傅冰红茶燃战队代言人🍳必胜客牛人联盟🍳Calvin Klein双十一助愿官🍳@R1SE-何洛洛,0,0,False,5862092693,橙子里有个咕噜噜,f,2397,500,11575,洛糍超话小主持人 问答答主,糯米糍👻,3
4478140715874295,4478141697601637,Mon Mar 02 21:27:22 +0800 2020,🍟 🔆 ✨ 👑 R1SE唯一门面何洛洛👑 ✨ 🍒 🔆 🍟 薯片少年何洛洛👑 ✨ 🍒 🔆 🍟 宠鞋狂魔何洛洛 🍒 🔆 🍟 双面迷魂何洛洛✨ 🍒 🔆  🍥 👑 🍥 何洛洛🍥 👑 🍥 何洛洛🍥 👑 🍥 何洛洛🍥@R1SE-何洛洛,0,0,False,7233305915,草莓樱花芝士味,f,62,96,13,,每天都要快快洛洛(｡･ω･｡)ﾉ,1
4478140715874295,4478140803831916,Mon Mar 02 21:23:50 +0800 2020,何洛洛，有如摇摆的磁针是对准北极，我的心也只是朝向你@R1SE-何洛洛,0,0,False,6035803816,w岚瑟,f,2205,127,1176,赫萝哥哥的薯片超话主持人,人民有信仰，国家有力量，民族有希望。,3
4478140715874295,4478142292764925,Mon Mar 02 21:29:45 +0800 2020,何洛洛@R1SE-何洛洛,0,0,False,7332362690,咻比咻比咻,f,214,94,4,,,0
4478140715874295,4478141823006882,Mon Mar 02 21:27:52 +0800 2020,👑👑👑👑👑👑👑👑👑👑👑👑👑👑  🍬🍬🍬✨R1SE门面何洛洛✨🎐🎐🎐    🎐🎐🎐✨ 养成系超甜爱豆 ✨🍬🍬🍬   🍬🍬🍬✨ 运动风男神校草✨🎐🎐🎐   👑👑👑👑👑👑👑👑👑👑👑👑👑👑,0,0,False,6099103085,踹三踹三踹三踹,m,2116,108,1098,,,1
4478140715874295,4478141592353384,Mon Mar 02 21:26:57 +0800 2020,👿R1SE门面担当何洛洛👻🍳👿双面迷魂👻🍳👿R1SE门面担当何洛洛👻🍳👿人间甜豆👻🍳👿R1SE门面担当何洛洛👻🍳👿元气满满👻🍳👿R1SE门面担当何洛洛👻🍳👿厨艺担当👻🍳👿R1SE门面担当何洛洛👻🍳👿宠鞋狂魔👻🍳,0,0,False,5945923941,YZWQMM要阳光,m,84,178,22,,,0
4478140715874295,4478141160930450,Mon Mar 02 21:25:14 +0800 2020,🌈 🌸 甜心轰炸机何洛洛 🌈 🌸 暴风成长何洛洛 🌈 🌸 养成系偶像何洛洛 🌈 🌸 反转魅力何洛洛 🌈 🌸 运动系学长何洛洛 🌈 🌸 门面担当何洛洛@R1SE-何洛洛,0,0,False,7218380886,人可双人余,f,971,147,1059,,混圈只有一个原则,0
4478140715874295,4478141076432075,Mon Mar 02 21:24:55 +0800 2020,🍳R1SE门面担当何洛洛🍳脆脆鲨首席品鉴官🍳doki年度新势力🍳FILA潮流体验官🍳Fendi春夏男士系列新品发售会夺目亮相🍳麦吉丽护肤系列青春代言人🍳康师傅冰红茶燃战队代言人🍳必胜客牛人联盟🍳Calvin Klein双十一助愿官🍳@R1SE-何洛洛,0,0,False,6025484150,没有名字的有名氏,f,349,313,42,,被物理折磨到快秃头的文科党,0
4478140715874295,4478141898569676,Mon Mar 02 21:28:11 +0800 2020,3.2求积分，帮我dd    何洛洛   姓徐，超话，壁纸，家境，同款，参加艺考， 嘿你在干嘛呢，r1se巡回演唱会，创造营，lesion，十四行情诗，泡面，直播，后援会，跟镜头请假，bad  guy，表情包 睡衣，头像，蛋饼，做饭，机场，动图 腹肌，直播翻车，笑，应援色，照片,0,0,False,5692034842,一上线就话唠的yeon,f,6278,215,13653,娱乐博主,人类的本质是颜狗,6
4478139738276141,4478481805163835,Tue Mar 03 19:58:51 +0800 2020,她就是没有买分 你们不信算了 至少会有人相信 不会像你们这样到处跟风吃瓜乱转给别人带去伤害 有句话叫只会把自己的快乐建立在别人的痛苦上 你建立在别人的痛苦上 你真的快乐吗？你们良心不会痛吗,3,0,False,6192378677,可爱琪琪酱w,f,0,140,1,,,0
4478139738276141,4478201604769344,Tue Mar 03 01:25:25 +0800 2020,朋友，你们真的太，唉，我也不知道怎么劝你，首先我给你们道歉，但他确实没有买分，,4,0,False,7402521714,已所勿施,m,0,0,0,,,0
4478138182058120,4478146634080890,Mon Mar 02 21:47:00 +0800 2020,✨✨✨♥️♥️✨✨✨♥️♥️✨✨✨ ✨✨♥️♥️♥️♥️🌟♥️♥️♥️♥️✨✨  ✨✨♥️♥️唯一门面 ♥️♥️✨✨  ✨✨✨♥️@R1SE-何洛洛♥️✨✨✨ ✨✨✨✨♥️  何洛洛 ♥️✨✨✨✨ ✨✨✨✨✨♥️♥️♥️✨✨✨✨✨ ✨✨✨✨✨✨♥️✨✨✨✨✨✨,0,0,False,6488000042,快吃脆脆鲨,f,2111,888,3110,乐多与养乐多超话主持人,别爱的变了质,2
4478138182058120,4478139826226825,Mon Mar 02 21:19:57 +0800 2020,✨✨✨🔷🔷✨✨✨🔷🔷✨✨✨ ✨✨🔷🔷🔷🔷👑🔷🔷🔷🔷✨✨ ✨✨🔷🔷R1SE 唯一门面🔷🔷✨✨ ✨✨✨🔷@R1SE-何洛洛🔷✨✨✨ ✨✨✨✨🔷  何洛洛 🔷✨✨✨✨ ✨✨✨✨✨🔷🔷🔷✨✨✨✨✨  ✨✨✨✨✨✨🔷✨✨✨✨✨⭐,0,0,False,6041588532,北木南的孤独,f,1360,521,11053,何洛洛超话粉丝大咖,不争不抢  随遇而安 粉何洛洛,4
4478138182058120,4478139566912498,Mon Mar 02 21:18:54 +0800 2020,希望大家多多艾特@R1SE-何洛洛 有事没事都艾特@R1SE-何洛洛 或者转赞最近30天的wb，他@R1SE-何洛洛 互动量变低了虽然是@R1SE-何洛洛 自己不发微博造成的，但是作为@R1SE-何洛洛 的麻麻还是要@R1SE-何洛洛,0,0,False,7059807348,杉何可见,f,6954,859,103712,视频博主 何洛洛超话粉丝大咖,恐丑,3
4478138182058120,4478139558498878,Mon Mar 02 21:18:53 +0800 2020,✨✨✨🔷🔷✨✨✨🔷🔷✨✨✨ ✨✨🔷🔷🔷🔷👑🔷🔷🔷🔷✨✨ ✨✨🔷🔷R1SE 唯一门面🔷🔷✨✨ ✨✨✨🔷@R1SE-何洛洛🔷✨✨✨ ✨✨✨✨🔷  何洛洛 🔷✨✨✨✨ ✨✨✨✨✨🔷🔷🔷✨✨✨✨✨  ✨✨✨✨✨✨🔷✨✨✨✨✨⭐,0,0,False,6632811051,·银河咕叽星·,f,2859,434,11651,,这座乐园不打烊,3
4478138182058120,4478139424293340,Mon Mar 02 21:18:21 +0800 2020,🍳 R1SE门面何洛洛 🎈00后男明星带货总榜8次Top🥇脆脆鲨雀巢威化首席品鉴官食品类品牌代言效果Top🥇🎈 FILA潮流体验官服装类品牌效果Top2🎈Calvin Klein双十一助愿官热销榜单独揽Top1Top2🎈首封《精品购物指南》上线60s销量破万👑暴风成长，未来可期🍳 @R1SE-何洛洛,0,0,False,7243134372,大雨JUining,f,1107,214,11052,问答答主,风止于秋水，我止于你,2
4478138182058120,4478139356797955,Mon Mar 02 21:18:05 +0800 2020,✨ 🌈  唯一门面何洛洛 🌈 ✨ 💝 🏹 🌟 🌈 ✨ 生图杀手何洛洛🌈 ✨💝 🏹 元气满满何洛洛🏹 💝✨ 🌈 人间甜豆何洛洛🌈 ✨💝 🏹  🌈 ✨ 唱跳俱佳何洛洛🌈 ✨💝 🏹 何洛洛✨ 🌈✨💝✨,0,0,False,6584948497,·酸奶疙瘩也好吃·,f,5755,517,10620,新鲜事作者 问答答主,佛系追星，很容易暴躁！,3
4478138182058120,4478138602111109,Mon Mar 02 21:15:05 +0800 2020,向善是一种文明，也是一种光明。善良之举，需要人人拥有。善良之歌，需要人人唱和。让我们一起轻掬季风，淡挽流云，抚一弦清音，让幸福在平凡，平淡中盛开如兰，让善良之歌在红尘的原野里辗转悠长。让我们一起心存善良和大爱，微笑着，走过季节的轮回。 ,0,0,False,3084255235,累累累累累了-,f,4572,372,44950,何洛洛超话粉丝大咖,内有猛男。,4
4478138182058120,4478138593673677,Mon Mar 02 21:15:02 +0800 2020,🍳 R1SE门面何洛洛 🎈00后男明星带货总榜8次Top🥇脆脆鲨雀巢威化首席品鉴官食品类品牌代言效果Top🥇🎈 FILA潮流体验官服装类品牌效果Top2🎈Calvin Klein双十一助愿官热销榜单独揽Top1Top2🎈首封《精品购物指南》上线60s销量破万👑暴风成长，未来可期🍳 @R1SE-何洛洛,0,0,False,5442012708,-Eykining香菜,f,4642,680,16165,满杯金菠萝超话小主持人,何洛洛老婆 温柔快乐小散粉一个                                互fo私信哦,3
4478138182058120,4478138572628862,Mon Mar 02 21:14:58 +0800 2020,何洛洛@R1SE-何洛洛,0,0,False,2902851661,就知道巴巴巴,f,2689,1172,14277,臭臭公主的小世界超话主持人,陪何糯糯宝贝一起成长,3
4478138182058120,4478138547217128,Mon Mar 02 21:14:52 +0800 2020,希望大家多多艾特@R1SE-何洛洛 有事没事都艾特@R1SE-何洛洛 或者转赞最近30天的wb，他@R1SE-何洛洛 互动量变低了虽然是@R1SE-何洛洛 自己不发微博造成的，但是作为@R1SE-何洛洛 的女朋友还是要@R1SE-何洛洛 何洛洛,0,0,False,5862092693,橙子里有个咕噜噜,f,2397,500,11575,洛糍超话小主持人 问答答主,糯米糍👻,3
4478138182058120,4478138455460925,Mon Mar 02 21:14:30 +0800 2020,🍓🍓🍓🍓🍓🍓🍓🍓🍓🍓🍓🍓🍓🍓🍓 🍓 🍓 🍓 🍨  @R1SE-何洛洛 🍨 🍓 🍓 🍓 🍓🍓🍓  🍨 🍨  夏日甜心 🍨 🍨  🍓🍓🍓 🍓🍓🍓🍓🍓🍓🍓🍓🍓🍓🍓🍓🍓🍓🍓,0,0,False,5463405216,小路居居饼,f,4316,581,10863,问答答主,,3
4478138182058120,4478138422003712,Mon Mar 02 21:14:22 +0800 2020,🍳R1SE实力门面何洛洛🍳首次公演直拍4337.6w播放量👑脆脆鲨首席品鉴官食品类品牌代言效果榜TOP1 👑超新星全运会元气运动员代表👑doki年度新势力👑EP团内秒切第二👑《精品购物指南》4分钟库存售空👑@R1SE-何洛洛 ,0,0,False,5042647121,M·Kyrene·,f,1504,299,11122,何洛洛饭圈达人 萧山阔少徐一宁超话小主持人,生活明朗，万物可爱，人间值得，未来可期。,3
4478138182058120,4478138396110516,Mon Mar 02 21:14:16 +0800 2020,✨✨✨♥️♥️✨✨✨♥️♥️✨✨✨ ✨✨♥️♥️♥️♥️🌟♥️♥️♥️♥️✨✨  ✨✨♥️♥️ 实力门面 ♥️♥️✨✨  ✨✨✨♥️@R1SE-何洛洛♥️✨✨✨ ✨✨✨✨♥️  何洛洛 ♥️✨✨✨✨ ✨✨✨✨✨♥️♥️♥️✨✨✨✨✨ ✨✨✨✨✨✨♥️✨✨✨✨✨✨,0,0,False,6932814793,阳光蝶依,f,1947,312,38759,HLL超话小主持人 问答答主,洛洛未来可期,4
4478138182058120,4478138342431560,Mon Mar 02 21:14:03 +0800 2020,🍳 R1SE门面何洛洛 🎈00后男明星带货总榜8次Top🥇脆脆鲨雀巢威化首席品鉴官食品类品牌代言效果Top🥇🎈 FILA潮流体验官服装类品牌效果Top2🎈Calvin Klein双十一助愿官热销榜单独揽Top1Top2🎈首封《精品购物指南》上线60s销量破万👑暴风成长，未来可期🍳 @R1SE-何洛洛 ,0,0,False,5212407103,蒲望_,f,6582,544,613,白敬亭超话粉丝大咖,碎碎念,4
4478138182058120,4478138333403690,Mon Mar 02 21:14:01 +0800 2020,🌈 🌸 甜心轰炸机何洛洛 🌈 🌸 暴风成长何洛洛 🌈 🌸 养成系偶像何洛洛 🌈 🌸 反转魅力何洛洛 🌈 🌸 运动系学长何洛洛 🌈 🌸 门面担当何洛洛,0,0,False,6064020273,·sspldsyyan-宁·,f,4232,226,1377,赫萝超话小主持人,所有故事不会只拥有表象✨,2
4478138182058120,4478138320758275,Mon Mar 02 21:13:58 +0800 2020,希望大家多多艾特@R1SE-何洛洛 有事没事都艾特@R1SE-何洛洛 或者转赞最近30天的wb，他@R1SE-何洛洛 互动量变低了虽然是@R1SE-何洛洛 自己不发微博造成的，但是作为@R1SE-何洛洛 的女朋友还是要@R1SE-何洛洛 ,0,0,False,5869609406,星何邮递员,f,1416,754,13098,边伯贤超话粉丝大咖,²⁰⁰¹ ₀₅. ₀₄ H̶ L̶ L̶💫,4
4478138182058120,4478138287537797,Mon Mar 02 21:13:50 +0800 2020,🍳 R1SE门面何洛洛 🎈00后男明星带货总榜8次Top🥇脆脆鲨雀巢威化首席品鉴官食品类品牌代言效果Top🥇🎈 FILA潮流体验官服装类品牌效果Top2🎈Calvin Klein双十一助愿官热销榜单独揽Top1Top2🎈首封《精品购物指南》上线60s销量破万👑暴风成长，未来可期🍳 @R1SE-何洛洛,0,0,False,6357817413,洛桥·,f,2112,444,14258,洛言洛语超话小主持人,人世间有百媚千红，唯独你是我情之所钟,3
4478138182058120,4478138245671755,Mon Mar 02 21:13:40 +0800 2020,ddd,0,0,False,6128750353,扑捉甜甜玉,f,3630,387,11548,问答答主,,3
4478138182058120,4478140322088700,Mon Mar 02 21:21:55 +0800 2020,🍳 R1SE门面何洛洛 🎈00后男明星带货总榜8次Top🥇脆脆鲨雀巢威化首席品鉴官食品类品牌代言效果Top🥇🎈 FILA潮流体验官服装类品牌效果Top2🎈Calvin Klein双十一助愿官热销榜单独揽Top1Top2🎈首封《精品购物指南》上线60s销量破万👑暴风成长，未来可期🍳 @R1SE-何洛洛,0,0,False,6508365557,我可何糯糯,f,517,509,81,,陪何洛洛长大开飞船,1
4478138182058120,4478140103521475,Mon Mar 02 21:21:02 +0800 2020,🍳R1SE门面担当何洛洛🍳脆脆鲨首席品鉴官🍳doki年度新势力🍳FILA潮流体验官🍳Fendi春夏男士系列新品发售会夺目亮相🍳麦吉丽护肤系列青春代言人🍳康师傅冰红茶燃战队代言人🍳必胜客牛人联盟🍳Calvin Klein双十一助愿官🍳@R1SE-何洛洛,0,0,False,5122340768,镜子镜子你好_mirror,m,14555,703,10552,新鲜事作者 糯米团团超话小主持人 问答答主,solo，不扩关,3
4478137654409511,4478139822813978,Mon Mar 02 21:19:55 +0800 2020,何洛洛@R1SE-何洛洛,0,0,False,5875958467,奶酪布丁Deanna,f,1014,309,14370,微博原创视频博主 问答答主,没有千锤百炼， 哪里来的黄沙变成珍珠,2
4478137654409511,4478139486568848,Mon Mar 02 21:18:36 +0800 2020,希望大家多多艾特@R1SE-何洛洛 有事没事都艾特@R1SE-何洛洛 或者转赞最近30天的wb，他@R1SE-何洛洛 互动量变低了虽然是@R1SE-何洛洛 自己不发微博造成的，但是作为@R1SE-何洛洛 的麻麻还是要@R1SE-何洛洛,0,0,False,7059807348,杉何可见,f,6954,859,103712,视频博主 何洛洛超话粉丝大咖,恐丑,3
4478137654409511,4478138169438495,Mon Mar 02 21:13:22 +0800 2020,何洛洛@R1SE-何洛洛,0,0,False,6932814793,阳光蝶依,f,1947,312,38759,HLL超话小主持人 问答答主,洛洛未来可期,4
4478137654409511,4478138161269357,Mon Mar 02 21:13:20 +0800 2020,⚪⚪⚪👿👿⚪⚪⚪👿👿⚪⚪⚪        ⚪⚪👿👿👿👿👑👿👿👿👿⚪⚪        ⚪⚪👿  天生爱豆 实力门面 👿⚪⚪        ⚪⚪⚪👿@R1SE-何洛洛👿⚪⚪⚪ ⚪⚪⚪⚪👿  何洛洛  👿⚪⚪⚪⚪ ⚪⚪⚪⚪⚪👿👿👿⚪⚪⚪⚪⚪ ⚪⚪⚪⚪⚪⚪👿⚪⚪⚪⚪⚪⚪,0,0,False,7293943181,洛洛癸,f,1710,533,1147,,然而我什么都不会,3
4478137654409511,4478138102990428,Mon Mar 02 21:13:06 +0800 2020,网页链接🎶 ☁🎷  🎶 ☁ 🎷 🎶 ☁ 🎷 🎶 ☁ 🎷 🎶 ☁🎷🎶 ☁ 只做你🎶 一个人的🎶 小朋友☁ 🎶 🎷 ☁ 🎶 何洛洛✨@R1SE-何洛洛 ☁ 🎷 🎶☁ 🎷 🎶 ☁ 🎷 🎶 ☁ 🎷 🎶 ☁ 🎷 🎶 ☁ 🎷,0,0,False,6312718810,Lainey_Woo,f,6774,421,699,,无望姻缘，只想发财,4
4478137654409511,4478138069792986,Mon Mar 02 21:12:57 +0800 2020,何洛洛何洛洛,0,0,False,6041588532,北木南的孤独,f,1360,521,11053,何洛洛超话粉丝大咖,不争不抢  随遇而安 粉何洛洛,4
4478137654409511,4478138069797810,Mon Mar 02 21:12:58 +0800 2020,✨✨✨❄️❄️✨✨✨❄️❄️✨✨✨ ✨✨❄️❄️❄️❄️👑❄️❄️❄️❄️✨✨ ✨✨❄️❄️R1SE 门面担当❄️❄️✨✨ ✨✨✨❄️@R1SE-何洛洛❄️✨✨✨ ✨✨✨✨❄️  何洛洛 ❄️✨✨✨✨ ✨✨✨✨✨❄️❄️❄️✨✨✨✨✨  ✨✨✨✨✨✨❄️✨✨✨✨✨⭐,0,0,False,5212407103,蒲望_,f,6582,544,613,白敬亭超话粉丝大咖,碎碎念,4
4478137654409511,4478138052716921,Mon Mar 02 21:12:54 +0800 2020,何洛洛徐一宁【我们的何洛洛专属小尾巴💫@R1SE-何洛洛,0,0,False,3321691092,洛哥的粉红豹,f,5900,448,11643,,先沉稳 后爱人,3
4478137654409511,4478138035877902,Mon Mar 02 21:12:50 +0800 2020,何洛洛@R1SE-何洛洛,0,0,False,2902851661,就知道巴巴巴,f,2689,1172,14277,臭臭公主的小世界超话主持人,陪何糯糯宝贝一起成长,3
4478137654409511,4478137980952702,Mon Mar 02 21:12:36 +0800 2020,何洛洛@R1SE-何洛洛,0,0,False,6128750353,扑捉甜甜玉,f,3630,387,11548,问答答主,,3
4478137654409511,4478137972418913,Mon Mar 02 21:12:35 +0800 2020,ddd,0,0,False,7243134372,大雨JUining,f,1107,214,11052,问答答主,风止于秋水，我止于你,2
4478137654409511,4478137968200516,Mon Mar 02 21:12:33 +0800 2020,🍓🍓🍓🍓🍓🍓🍓🍓🍓🍓🍓🍓🍓🍓🍓 🍓 🍓 🍓 🍨  @R1SE-何洛洛 🍨 🍓 🍓 🍓 🍓🍓🍓  🍨 🍨  夏日甜心 🍨 🍨  🍓🍓🍓 🍓🍓🍓🍓🍓🍓🍓🍓🍓🍓🍓🍓🍓🍓🍓,0,0,False,5463405216,小路居居饼,f,4316,581,10863,问答答主,,3
4478137654409511,4478137817639473,Mon Mar 02 21:11:57 +0800 2020,【💫绝世小甜心何洛洛的专属小尾巴@R1SE-何洛洛 】,0,0,False,5042647121,M·Kyrene·,f,1504,299,11122,何洛洛饭圈达人 萧山阔少徐一宁超话小主持人,生活明朗，万物可爱，人间值得，未来可期。,3
4478137654409511,4478137784211086,Mon Mar 02 21:11:50 +0800 2020,你积分没了,0,0,False,3084255235,累累累累累了-,f,4572,372,44950,何洛洛超话粉丝大咖,内有猛男。,4
4478137654409511,4478137721586344,Mon Mar 02 21:11:35 +0800 2020,dd,0,0,False,6046114197,洗碗的赫萝19岁生日快乐,m,3584,411,11868,赫萝萝超话主持人,喜欢一个高三考生，想陪他一起长大！,1
4478137654409511,4478146776983015,Mon Mar 02 21:47:34 +0800 2020,✨✨✨❄️❄️✨✨✨❄️❄️✨✨✨ ✨✨❄️❄️❄️❄️👑❄️❄️❄️❄️✨✨ ✨✨❄️❄️R1SE 门面担当❄️❄️✨✨ ✨✨✨❄️@R1SE-何洛洛❄️✨✨✨ ✨✨✨✨❄️  何洛洛 ❄️✨✨✨✨ ✨✨✨✨✨❄️❄️❄️✨✨✨✨✨  ✨✨✨✨✨✨❄️✨✨✨✨✨⭐,0,0,False,6876766655,糯糯言,f,2226,408,156,洛臭超话主持人,甜唯毒唯随时切换,1
4478137654409511,4478140083048419,Mon Mar 02 21:20:57 +0800 2020,dd,0,0,False,7231646571,微笑没有影子,f,1099,203,97,,追星专用，好好养号,2
4478137654409511,4478167521633839,Mon Mar 02 23:10:00 +0800 2020,来了来了。何洛洛@R1SE-何洛洛,0,0,False,2676605371,糯糯洛洛r-2020爱宁,f,2777,757,408,糯糯的快洛散粉超话小主持人,你的眼中有星光,3
4478137654409511,4478146533782423,Mon Mar 02 21:46:35 +0800 2020,🍳 R1SE门面何洛洛 🎈00后男明星带货总榜8次Top🥇脆脆鲨雀巢威化首席品鉴官食品类品牌代言效果Top🥇🎈 FILA潮流体验官服装类品牌效果Top2🎈Calvin Klein双十一助愿官热销榜单独揽Top1Top2🎈首封《精品购物指南》上线60s销量破万👑暴风成长，未来可期🍳 @R1SE-何洛洛 ,0,0,False,7106084967,-Fionall,f,1936,248,240,永不打烊乐园超话小主持人,陪小男孩长大,2
4478137654409511,4478145619239443,Mon Mar 02 21:42:58 +0800 2020,何洛洛@R1SE-何洛洛,0,0,False,6486905172,盛夏光年忆,f,2362,321,4365,何洛洛超话粉丝大咖,糯米糍糯米糍糯米糍,3
4478137271873857,4478151415058328,Mon Mar 02 22:06:00 +0800 2020,322那个在哪儿 我看看,1,0,False,2188689353,给我一匹马_,f,1061,398,1557,,那些想看又没看的书，在心里摆满一座图书馆。,4
4478137271873857,4478185842758609,Tue Mar 03 00:22:47 +0800 2020,那个332唱的是蓝色爱钱海,1,1,False,5027230672,被脸红了_,f,4867,304,387,,人们走向我 都为路过我,1
4478137271873857,4478151902441452,Mon Mar 02 22:07:55 +0800 2020,#四川艺考求公平# #四川艺考黑幕# #四川省教育厅#,0,0,False,7103569528,ErRiYi,m,0,22,0,,身正不怕影子歪。,0
4478136244499289,4478378063439054,Tue Mar 03 13:06:36 +0800 2020,太美了,1,0,False,5531696977,kikibunny,f,13,479,2036,,我很甜甜 可是删博不手软,1
4478136119291851,4478143350112931,Mon Mar 02 21:33:57 +0800 2020,兰州大学开始说无美术类，下边有19年招生，没看见湖南大学,0,0,False,5140946837,知北游Lucky,m,967,297,162,,生命中流转如水的可爱处,0
4478136119291851,4478142360470664,Mon Mar 02 21:30:01 +0800 2020,早就该取消,0,0,False,1833374935,立德树人为己任,m,262,3039,578,,,6
4478133241545982,4478329644537545,Tue Mar 03 09:54:12 +0800 2020,加油加油只有努力就会实现的！,1,0,False,7225166867,满心欢喜满眼千玺,f,376,107,152,,易烊千玺,0
4478131953617711,4478344894615271,Tue Mar 03 10:54:49 +0800 2020,,0,0,False,5815452127,刘兴照lxz,m,539,1184,1708,,海阔凭鱼跃、路遥任马驰。,5
